filename,c1,c2,c3,alpha,cluster,PC1,PC2,PC3
Swarm-c1_1.00-c2_1.00-c3_1.00-alpha_1.00.gif,1.0,1.0,1.0,1.0,11,-5.0972279503293905,0.923040077341802,-4.306095775913949
Swarm-c1_1.00-c2_1.00-c3_1.00-alpha_1.50.gif,1.0,1.0,1.0,1.5,11,-4.452100596040944,2.8504972212661412,-5.194740073375887
Swarm-c1_1.00-c2_1.00-c3_1.00-alpha_2.00.gif,1.0,1.0,1.0,2.0,11,-3.3081254127284305,-0.68972130338621,-1.8499168096111922
Swarm-c1_1.00-c2_1.00-c3_1.00-alpha_2.50.gif,1.0,1.0,1.0,2.5,8,-8.477847757179596,0.9151441537295408,-4.273190550873949
Swarm-c1_1.00-c2_1.00-c3_1.00-alpha_3.00.gif,1.0,1.0,1.0,3.0,9,-8.965551397015506,5.256292801545987,-2.3861897007487167
Swarm-c1_1.00-c2_1.00-c3_1.50-alpha_1.00.gif,1.0,1.0,1.5,1.0,9,-2.5171846112470444,4.0706459658089695,-4.388259442513641
Swarm-c1_1.00-c2_1.00-c3_1.50-alpha_1.50.gif,1.0,1.0,1.5,1.5,8,3.5544482816961924,-1.776573679548113,-7.079955053190753
Swarm-c1_1.00-c2_1.00-c3_1.50-alpha_2.00.gif,1.0,1.0,1.5,2.0,10,-0.4181280910784936,-3.0211654654356552,-0.5600822867134119
Swarm-c1_1.00-c2_1.00-c3_1.50-alpha_2.50.gif,1.0,1.0,1.5,2.5,11,-7.813530406644951,-0.7565496048549996,-1.789639038309951
Swarm-c1_1.00-c2_1.00-c3_1.50-alpha_3.00.gif,1.0,1.0,1.5,3.0,9,-11.211250980703136,-0.17642521475519213,-0.31997062378697777
Swarm-c1_1.00-c2_1.00-c3_2.00-alpha_1.00.gif,1.0,1.0,2.0,1.0,9,-2.9549005526816514,3.874681148528189,-5.621030506796369
Swarm-c1_1.00-c2_1.00-c3_2.00-alpha_1.50.gif,1.0,1.0,2.0,1.5,11,0.4947815337225886,-1.1540144596990838,-2.80795362278663
Swarm-c1_1.00-c2_1.00-c3_2.00-alpha_2.00.gif,1.0,1.0,2.0,2.0,11,-3.4016490229175016,0.25528859400276055,-1.6849645569921907
Swarm-c1_1.00-c2_1.00-c3_2.00-alpha_2.50.gif,1.0,1.0,2.0,2.5,9,-7.972832518337794,1.7249161622332005,-5.383649533790391
Swarm-c1_1.00-c2_1.00-c3_2.00-alpha_3.00.gif,1.0,1.0,2.0,3.0,1,-0.8550401081888898,4.660700361988949,0.2203651110458723
Swarm-c1_1.00-c2_1.00-c3_2.50-alpha_1.00.gif,1.0,1.0,2.5,1.0,1,1.0655564488608242,4.309040781562805,-3.981849451779867
Swarm-c1_1.00-c2_1.00-c3_2.50-alpha_1.50.gif,1.0,1.0,2.5,1.5,9,-4.996727143634001,-3.8921960837530927,-0.15321698024292507
Swarm-c1_1.00-c2_1.00-c3_2.50-alpha_2.00.gif,1.0,1.0,2.5,2.0,8,-8.094446386920833,-1.3879548536722295,-5.90089321159272
Swarm-c1_1.00-c2_1.00-c3_2.50-alpha_2.50.gif,1.0,1.0,2.5,2.5,6,7.7505037268654675,-5.98140762802116,4.85932941252394
Swarm-c1_1.00-c2_1.00-c3_2.50-alpha_3.00.gif,1.0,1.0,2.5,3.0,9,-4.636670061036001,-0.35221986993787086,-0.1193042494382686
Swarm-c1_1.00-c2_1.00-c3_3.00-alpha_1.00.gif,1.0,1.0,3.0,1.0,1,2.003494653066824,3.5964078547530924,-5.393125693613779
Swarm-c1_1.00-c2_1.00-c3_3.00-alpha_1.50.gif,1.0,1.0,3.0,1.5,9,1.5915317001884701,-0.9046379853731474,-3.158284363129684
Swarm-c1_1.00-c2_1.00-c3_3.00-alpha_2.00.gif,1.0,1.0,3.0,2.0,1,2.962506913206186,-0.6654213088928441,-1.6840049591273443
Swarm-c1_1.00-c2_1.00-c3_3.00-alpha_2.50.gif,1.0,1.0,3.0,2.5,9,-3.3722330507290086,2.5218194772112854,-3.3801101020079263
Swarm-c1_1.00-c2_1.00-c3_3.00-alpha_3.00.gif,1.0,1.0,3.0,3.0,8,-10.47420078983946,4.487438051005842,-7.727212621430735
Swarm-c1_1.00-c2_1.50-c3_1.00-alpha_1.00.gif,1.0,1.5,1.0,1.0,5,-6.072421046370714,13.106684110654324,-1.1426907305447653
Swarm-c1_1.00-c2_1.50-c3_1.00-alpha_1.50.gif,1.0,1.5,1.0,1.5,4,21.67571324437617,3.518508033048321,-11.147755676940077
Swarm-c1_1.00-c2_1.50-c3_1.00-alpha_2.00.gif,1.0,1.5,1.0,2.0,7,14.382070241829531,-4.184311879331608,1.1105445961818483
Swarm-c1_1.00-c2_1.50-c3_1.00-alpha_2.50.gif,1.0,1.5,1.0,2.5,7,19.821409582244417,-8.991088614529158,-0.579977878865625
Swarm-c1_1.00-c2_1.50-c3_1.00-alpha_3.00.gif,1.0,1.5,1.0,3.0,6,7.566042429315729,-8.32331471490052,2.508534328465439
Swarm-c1_1.00-c2_1.50-c3_1.50-alpha_1.00.gif,1.0,1.5,1.5,1.0,5,-4.695708820422351,14.010674893433608,-2.973836733499396
Swarm-c1_1.00-c2_1.50-c3_1.50-alpha_1.50.gif,1.0,1.5,1.5,1.5,4,16.024424488633016,5.716272571221009,-5.488475087160387
Swarm-c1_1.00-c2_1.50-c3_1.50-alpha_2.00.gif,1.0,1.5,1.5,2.0,7,20.05655289167559,-6.838794311237776,-5.08073026084906
Swarm-c1_1.00-c2_1.50-c3_1.50-alpha_2.50.gif,1.0,1.5,1.5,2.5,6,14.718550056104991,-9.846225359382757,2.949187279544046
Swarm-c1_1.00-c2_1.50-c3_1.50-alpha_3.00.gif,1.0,1.5,1.5,3.0,6,12.021999601954773,-9.096312383418569,2.5214618656304757
Swarm-c1_1.00-c2_1.50-c3_2.00-alpha_1.00.gif,1.0,1.5,2.0,1.0,5,2.325947411621854,14.442263537100755,-6.402453616318565
Swarm-c1_1.00-c2_1.50-c3_2.00-alpha_1.50.gif,1.0,1.5,2.0,1.5,4,14.084425618226668,5.22654904414053,-9.958843414860755
Swarm-c1_1.00-c2_1.50-c3_2.00-alpha_2.00.gif,1.0,1.5,2.0,2.0,4,25.540568401937,-1.8025951132596194,-2.1277201988057923
Swarm-c1_1.00-c2_1.50-c3_2.00-alpha_2.50.gif,1.0,1.5,2.0,2.5,6,15.305076672660778,-9.677858979985137,1.3600832185719007
Swarm-c1_1.00-c2_1.50-c3_2.00-alpha_3.00.gif,1.0,1.5,2.0,3.0,7,17.873119487700645,-10.834111686934989,6.28885210010563
Swarm-c1_1.00-c2_1.50-c3_2.50-alpha_1.00.gif,1.0,1.5,2.5,1.0,5,7.681923066305072,11.814198337257828,-1.1852491844004427
Swarm-c1_1.00-c2_1.50-c3_2.50-alpha_1.50.gif,1.0,1.5,2.5,1.5,4,25.761401520824716,6.726708274343749,-8.573291085381715
Swarm-c1_1.00-c2_1.50-c3_2.50-alpha_2.00.gif,1.0,1.5,2.5,2.0,7,22.95277478473036,-6.698858171645735,-2.0167479163888546
Swarm-c1_1.00-c2_1.50-c3_2.50-alpha_2.50.gif,1.0,1.5,2.5,2.5,7,19.854980174859094,-7.797595483362783,6.0202359854688625
Swarm-c1_1.00-c2_1.50-c3_2.50-alpha_3.00.gif,1.0,1.5,2.5,3.0,6,10.269879625086366,-9.443082915712397,3.0342652724282724
Swarm-c1_1.00-c2_1.50-c3_3.00-alpha_1.00.gif,1.0,1.5,3.0,1.0,4,22.11454023959053,12.091510351078375,-4.6800831129465195
Swarm-c1_1.00-c2_1.50-c3_3.00-alpha_1.50.gif,1.0,1.5,3.0,1.5,4,19.270777869635065,2.8224085295794636,-5.671818795165909
Swarm-c1_1.00-c2_1.50-c3_3.00-alpha_2.00.gif,1.0,1.5,3.0,2.0,7,20.736629916989298,-5.172864102308831,-5.707745601048745
Swarm-c1_1.00-c2_1.50-c3_3.00-alpha_2.50.gif,1.0,1.5,3.0,2.5,6,11.913713209346446,-6.742977967290805,0.5711868459320802
Swarm-c1_1.00-c2_1.50-c3_3.00-alpha_3.00.gif,1.0,1.5,3.0,3.0,6,7.240483279046134,-8.454936211493234,2.0293890743964353
Swarm-c1_1.00-c2_2.00-c3_1.00-alpha_1.00.gif,1.0,2.0,1.0,1.0,5,-7.4268796449559495,14.124275465057046,0.5979168552465111
Swarm-c1_1.00-c2_2.00-c3_1.00-alpha_1.50.gif,1.0,2.0,1.0,1.5,5,3.1616059812576207,9.81106990532439,-2.255296824880378
Swarm-c1_1.00-c2_2.00-c3_1.00-alpha_2.00.gif,1.0,2.0,1.0,2.0,4,11.64844250934735,3.5844593299900636,-5.965291584470742
Swarm-c1_1.00-c2_2.00-c3_1.00-alpha_2.50.gif,1.0,2.0,1.0,2.5,4,14.042299342312424,-1.3283194406577992,-3.6580334954053586
Swarm-c1_1.00-c2_2.00-c3_1.00-alpha_3.00.gif,1.0,2.0,1.0,3.0,6,9.986626296452666,-4.093256426440183,6.4113352488908575
Swarm-c1_1.00-c2_2.00-c3_1.50-alpha_1.00.gif,1.0,2.0,1.5,1.0,5,-2.5682733170540564,14.629973755336238,4.753264133275608
Swarm-c1_1.00-c2_2.00-c3_1.50-alpha_1.50.gif,1.0,2.0,1.5,1.5,4,20.929448046106756,9.708840134155121,-7.248676967996009
Swarm-c1_1.00-c2_2.00-c3_1.50-alpha_2.00.gif,1.0,2.0,1.5,2.0,4,18.36925638473634,4.462577751662747,-12.781402451686427
Swarm-c1_1.00-c2_2.00-c3_1.50-alpha_2.50.gif,1.0,2.0,1.5,2.5,7,19.22619671797934,-2.1865370433251536,-0.7554598460579606
Swarm-c1_1.00-c2_2.00-c3_1.50-alpha_3.00.gif,1.0,2.0,1.5,3.0,7,20.26173285173332,-8.36959082161051,2.986864157729166
Swarm-c1_1.00-c2_2.00-c3_2.00-alpha_1.00.gif,1.0,2.0,2.0,1.0,5,-5.700697753375733,15.370651389159763,-0.5718267576960214
Swarm-c1_1.00-c2_2.00-c3_2.00-alpha_1.50.gif,1.0,2.0,2.0,1.5,4,24.539787455085836,19.271229635649842,-3.0755053741065326
Swarm-c1_1.00-c2_2.00-c3_2.00-alpha_2.00.gif,1.0,2.0,2.0,2.0,4,24.202646881104066,4.1283336022774915,-7.337000219637656
Swarm-c1_1.00-c2_2.00-c3_2.00-alpha_2.50.gif,1.0,2.0,2.0,2.5,7,24.8057101154299,-3.8272447397090588,2.7978084091441926
Swarm-c1_1.00-c2_2.00-c3_2.00-alpha_3.00.gif,1.0,2.0,2.0,3.0,7,24.190888083629826,-8.781309347197345,10.011058514451152
Swarm-c1_1.00-c2_2.00-c3_2.50-alpha_1.00.gif,1.0,2.0,2.5,1.0,5,4.177034507445317,23.44867794082014,11.903978839118258
Swarm-c1_1.00-c2_2.00-c3_2.50-alpha_1.50.gif,1.0,2.0,2.5,1.5,5,5.96404590487734,13.886145938427184,1.8486132754404079
Swarm-c1_1.00-c2_2.00-c3_2.50-alpha_2.00.gif,1.0,2.0,2.5,2.0,4,22.035436479532148,2.4138479681190357,-16.08377431885001
Swarm-c1_1.00-c2_2.00-c3_2.50-alpha_2.50.gif,1.0,2.0,2.5,2.5,4,21.09574290092613,-2.4272996822525954,-3.5433367561059033
Swarm-c1_1.00-c2_2.00-c3_2.50-alpha_3.00.gif,1.0,2.0,2.5,3.0,7,23.228397928668915,-9.15468840520637,8.97543055714252
Swarm-c1_1.00-c2_2.00-c3_3.00-alpha_1.00.gif,1.0,2.0,3.0,1.0,5,2.916629565956696,21.234734213326977,2.28095166565891
Swarm-c1_1.00-c2_2.00-c3_3.00-alpha_1.50.gif,1.0,2.0,3.0,1.5,4,28.024030571865513,16.06552673479655,-9.240832489856897
Swarm-c1_1.00-c2_2.00-c3_3.00-alpha_2.00.gif,1.0,2.0,3.0,2.0,4,39.11112856748702,5.201777870280436,-3.553582606087027
Swarm-c1_1.00-c2_2.00-c3_3.00-alpha_2.50.gif,1.0,2.0,3.0,2.5,7,33.25567074430006,-2.0497052349487066,8.64607354015998
Swarm-c1_1.00-c2_2.00-c3_3.00-alpha_3.00.gif,1.0,2.0,3.0,3.0,7,26.085742863103317,-7.6761161918785,7.135424976021671
Swarm-c1_1.00-c2_2.50-c3_1.00-alpha_1.00.gif,1.0,2.5,1.0,1.0,0,-9.325823670442881,-0.1807448099126692,-2.066723454204246
Swarm-c1_1.00-c2_2.50-c3_1.00-alpha_1.50.gif,1.0,2.5,1.0,1.5,0,-10.119433681247239,-0.6625194946124312,-1.7633399793589228
Swarm-c1_1.00-c2_2.50-c3_1.00-alpha_2.00.gif,1.0,2.5,1.0,2.0,0,-8.838444484513404,-0.21016089233203333,-1.938756276122128
Swarm-c1_1.00-c2_2.50-c3_1.00-alpha_2.50.gif,1.0,2.5,1.0,2.5,0,-10.143564875801534,-1.216969902408696,-3.23751263872683
Swarm-c1_1.00-c2_2.50-c3_1.00-alpha_3.00.gif,1.0,2.5,1.0,3.0,0,-9.294000525488828,0.02748519419315814,-1.667182102865695
Swarm-c1_1.00-c2_2.50-c3_1.50-alpha_1.00.gif,1.0,2.5,1.5,1.0,0,-8.242061138592423,0.26005686628018115,-0.5948211322004116
Swarm-c1_1.00-c2_2.50-c3_1.50-alpha_1.50.gif,1.0,2.5,1.5,1.5,0,-6.867799719380103,-3.4887706973129435,-2.0390597595275572
Swarm-c1_1.00-c2_2.50-c3_1.50-alpha_2.00.gif,1.0,2.5,1.5,2.0,0,-6.960638410146932,1.9820894919940768,-0.8510120740152213
Swarm-c1_1.00-c2_2.50-c3_1.50-alpha_2.50.gif,1.0,2.5,1.5,2.5,0,-9.132300880377459,-1.3102404088023718,-3.096536435916692
Swarm-c1_1.00-c2_2.50-c3_1.50-alpha_3.00.gif,1.0,2.5,1.5,3.0,0,-8.343025185043558,-2.026329490868191,-3.695599706003487
Swarm-c1_1.00-c2_2.50-c3_2.00-alpha_1.00.gif,1.0,2.5,2.0,1.0,0,-8.775999685400379,0.5313497881486591,-1.213306252022361
Swarm-c1_1.00-c2_2.50-c3_2.00-alpha_1.50.gif,1.0,2.5,2.0,1.5,0,-7.0183984641264185,1.4581158857059549,-0.19933532126349213
Swarm-c1_1.00-c2_2.50-c3_2.00-alpha_2.00.gif,1.0,2.5,2.0,2.0,0,-4.875542790288856,-0.291230262569779,-0.4233894741738868
Swarm-c1_1.00-c2_2.50-c3_2.00-alpha_2.50.gif,1.0,2.5,2.0,2.5,0,-8.070591415489377,-0.8144313224044888,-2.1240509205163076
Swarm-c1_1.00-c2_2.50-c3_2.00-alpha_3.00.gif,1.0,2.5,2.0,3.0,0,-7.946371776807893,-2.6918595054296715,-2.0084231164517656
Swarm-c1_1.00-c2_2.50-c3_2.50-alpha_1.00.gif,1.0,2.5,2.5,1.0,0,-7.341057647031795,1.953925394388516,-0.1368683472577707
Swarm-c1_1.00-c2_2.50-c3_2.50-alpha_1.50.gif,1.0,2.5,2.5,1.5,0,-6.291254624824103,-0.7386360636674296,-0.7859509274308456
Swarm-c1_1.00-c2_2.50-c3_2.50-alpha_2.00.gif,1.0,2.5,2.5,2.0,0,-6.915554253000196,0.5076379880994378,-1.1141717524511838
Swarm-c1_1.00-c2_2.50-c3_2.50-alpha_2.50.gif,1.0,2.5,2.5,2.5,0,-6.208651628308714,-1.453852878548489,-4.36735541166544
Swarm-c1_1.00-c2_2.50-c3_2.50-alpha_3.00.gif,1.0,2.5,2.5,3.0,0,-7.102318897039614,-0.4521534347587462,-2.225353020051356
Swarm-c1_1.00-c2_2.50-c3_3.00-alpha_1.00.gif,1.0,2.5,3.0,1.0,0,-8.530829278024521,0.10497550151834235,-1.4678191552987756
Swarm-c1_1.00-c2_2.50-c3_3.00-alpha_1.50.gif,1.0,2.5,3.0,1.5,0,-6.837765535397003,0.12239124508082196,0.2578319635528451
Swarm-c1_1.00-c2_2.50-c3_3.00-alpha_2.00.gif,1.0,2.5,3.0,2.0,0,-4.936025250694455,1.2353630693799782,-0.7881784519286734
Swarm-c1_1.00-c2_2.50-c3_3.00-alpha_2.50.gif,1.0,2.5,3.0,2.5,0,-6.4436479686789205,-1.0842832273712886,-2.0231689211479758
Swarm-c1_1.00-c2_2.50-c3_3.00-alpha_3.00.gif,1.0,2.5,3.0,3.0,0,-5.707705425202995,-4.1953021768492444,-2.1303763512086697
Swarm-c1_1.00-c2_3.00-c3_1.00-alpha_1.00.gif,1.0,3.0,1.0,1.0,0,-9.216314801296779,-3.012792075923078,-1.8696900516093375
Swarm-c1_1.00-c2_3.00-c3_1.00-alpha_1.50.gif,1.0,3.0,1.0,1.5,0,-10.30591376533087,-2.8121612288923075,-3.3323488803840595
Swarm-c1_1.00-c2_3.00-c3_1.00-alpha_2.00.gif,1.0,3.0,1.0,2.0,0,-8.063851241704542,-3.2963796192131203,-2.242997645370586
Swarm-c1_1.00-c2_3.00-c3_1.00-alpha_2.50.gif,1.0,3.0,1.0,2.5,0,-10.653591682333063,-2.032480584153783,-2.9088621328517883
Swarm-c1_1.00-c2_3.00-c3_1.00-alpha_3.00.gif,1.0,3.0,1.0,3.0,0,-10.890410401072625,-1.1404910513688422,-3.543163506383394
Swarm-c1_1.00-c2_3.00-c3_1.50-alpha_1.00.gif,1.0,3.0,1.5,1.0,0,-7.0256316229984765,-1.950361855206894,-0.022344287936997297
Swarm-c1_1.00-c2_3.00-c3_1.50-alpha_1.50.gif,1.0,3.0,1.5,1.5,0,-9.373141269668187,-2.3026311185252117,-3.596974741304156
Swarm-c1_1.00-c2_3.00-c3_1.50-alpha_2.00.gif,1.0,3.0,1.5,2.0,0,-8.861811728236574,-3.0709273836581614,-3.480248176910831
Swarm-c1_1.00-c2_3.00-c3_1.50-alpha_2.50.gif,1.0,3.0,1.5,2.5,0,-10.404168051140124,-0.8646807998401019,-3.2111209942208916
Swarm-c1_1.00-c2_3.00-c3_1.50-alpha_3.00.gif,1.0,3.0,1.5,3.0,0,-9.844238928535527,-1.430464468035675,-1.6558593183438148
Swarm-c1_1.00-c2_3.00-c3_2.00-alpha_1.00.gif,1.0,3.0,2.0,1.0,0,-9.242736213690824,-2.6650649929931474,-2.666144520261711
Swarm-c1_1.00-c2_3.00-c3_2.00-alpha_1.50.gif,1.0,3.0,2.0,1.5,0,-9.111107506259525,-3.0851861437166086,-1.95629795327742
Swarm-c1_1.00-c2_3.00-c3_2.00-alpha_2.00.gif,1.0,3.0,2.0,2.0,0,-9.30283309418118,-2.6121099868833397,-2.6613105748178634
Swarm-c1_1.00-c2_3.00-c3_2.00-alpha_2.50.gif,1.0,3.0,2.0,2.5,0,-9.693100309875016,-2.9355037634798493,-3.1654535860956803
Swarm-c1_1.00-c2_3.00-c3_2.00-alpha_3.00.gif,1.0,3.0,2.0,3.0,0,-9.177610861956266,-1.831391610597134,-2.45553035612782
Swarm-c1_1.00-c2_3.00-c3_2.50-alpha_1.00.gif,1.0,3.0,2.5,1.0,0,-7.7566418922117055,-0.9726098915141913,-1.7061049850238608
Swarm-c1_1.00-c2_3.00-c3_2.50-alpha_1.50.gif,1.0,3.0,2.5,1.5,0,-7.547068373706722,-2.3728152590194593,-1.9312795511291134
Swarm-c1_1.00-c2_3.00-c3_2.50-alpha_2.00.gif,1.0,3.0,2.5,2.0,0,-10.092943984178742,-2.1352694938329675,-3.206641668846069
Swarm-c1_1.00-c2_3.00-c3_2.50-alpha_2.50.gif,1.0,3.0,2.5,2.5,0,-8.211337696599964,-2.617977867474205,-1.6341828547092816
Swarm-c1_1.00-c2_3.00-c3_2.50-alpha_3.00.gif,1.0,3.0,2.5,3.0,0,-8.597127511509905,-1.7030177764229133,-1.6787672012356247
Swarm-c1_1.00-c2_3.00-c3_3.00-alpha_1.00.gif,1.0,3.0,3.0,1.0,0,-8.265433935040097,-0.9649763039439718,-0.7485481834937575
Swarm-c1_1.00-c2_3.00-c3_3.00-alpha_1.50.gif,1.0,3.0,3.0,1.5,0,-9.039964247581864,-1.8512387175773652,-1.6707410130435199
Swarm-c1_1.00-c2_3.00-c3_3.00-alpha_2.00.gif,1.0,3.0,3.0,2.0,0,-9.55864970027591,-3.438384220151118,-2.937970686113063
Swarm-c1_1.00-c2_3.00-c3_3.00-alpha_2.50.gif,1.0,3.0,3.0,2.5,0,-9.507475585818876,-0.8234535448507564,-2.280926029051141
Swarm-c1_1.00-c2_3.00-c3_3.00-alpha_3.00.gif,1.0,3.0,3.0,3.0,0,-9.702713784491499,-1.4895422033984658,-2.773400687288599
Swarm-c1_1.50-c2_1.00-c3_1.00-alpha_1.00.gif,1.5,1.0,1.0,1.0,1,4.111855554096101,7.6971719279641535,4.986387039314908
Swarm-c1_1.50-c2_1.00-c3_1.00-alpha_1.50.gif,1.5,1.0,1.0,1.5,6,6.891505615867612,-3.9311703468750614,-3.5264698501613387
Swarm-c1_1.50-c2_1.00-c3_1.00-alpha_2.00.gif,1.5,1.0,1.0,2.0,10,3.867217528979783,-6.751325046528316,-1.2523183302385048
Swarm-c1_1.50-c2_1.00-c3_1.00-alpha_2.50.gif,1.5,1.0,1.0,2.5,2,3.3375196822668833,-6.2448109517289865,2.9252126586413674
Swarm-c1_1.50-c2_1.00-c3_1.00-alpha_3.00.gif,1.5,1.0,1.0,3.0,10,0.2994182742020159,-5.892513034933377,3.615151389409609
Swarm-c1_1.50-c2_1.00-c3_1.50-alpha_1.00.gif,1.5,1.0,1.5,1.0,1,6.901570409381184,11.718246133611913,2.0683480089635564
Swarm-c1_1.50-c2_1.00-c3_1.50-alpha_1.50.gif,1.5,1.0,1.5,1.5,10,2.489989800824219,-2.131260415431749,-4.988550661561216
Swarm-c1_1.50-c2_1.00-c3_1.50-alpha_2.00.gif,1.5,1.0,1.5,2.0,10,1.6771656617908894,-6.192424669240544,-1.8373637686795528
Swarm-c1_1.50-c2_1.00-c3_1.50-alpha_2.50.gif,1.5,1.0,1.5,2.5,10,0.9339490628888543,-6.188869075294099,2.5299818853198457
Swarm-c1_1.50-c2_1.00-c3_1.50-alpha_3.00.gif,1.5,1.0,1.5,3.0,2,1.7620411278384907,-8.344100590984237,3.4827953510365885
Swarm-c1_1.50-c2_1.00-c3_2.00-alpha_1.00.gif,1.5,1.0,2.0,1.0,1,7.441318133252695,9.8156585468114,2.243148608538172
Swarm-c1_1.50-c2_1.00-c3_2.00-alpha_1.50.gif,1.5,1.0,2.0,1.5,6,7.488428685081815,-1.8526989697402243,-2.8103516330470737
Swarm-c1_1.50-c2_1.00-c3_2.00-alpha_2.00.gif,1.5,1.0,2.0,2.0,10,2.733455684475138,-6.739464739434001,-2.691147839417362
Swarm-c1_1.50-c2_1.00-c3_2.00-alpha_2.50.gif,1.5,1.0,2.0,2.5,10,2.379457519023077,-8.283869528895067,0.5407398820996295
Swarm-c1_1.50-c2_1.00-c3_2.00-alpha_3.00.gif,1.5,1.0,2.0,3.0,2,2.4911964130138573,-7.113251683138588,4.059534473716551
Swarm-c1_1.50-c2_1.00-c3_2.50-alpha_1.00.gif,1.5,1.0,2.5,1.0,1,2.2031202439887423,5.485565995001873,-1.1936679482529353
Swarm-c1_1.50-c2_1.00-c3_2.50-alpha_1.50.gif,1.5,1.0,2.5,1.5,6,10.695628979532241,-3.274522556072255,-3.7101163961408044
Swarm-c1_1.50-c2_1.00-c3_2.50-alpha_2.00.gif,1.5,1.0,2.5,2.0,6,9.043200459318916,-6.774202461139907,0.932925040754112
Swarm-c1_1.50-c2_1.00-c3_2.50-alpha_2.50.gif,1.5,1.0,2.5,2.5,2,5.936202700962768,-10.337511586623853,3.2081151358120152
Swarm-c1_1.50-c2_1.00-c3_2.50-alpha_3.00.gif,1.5,1.0,2.5,3.0,2,6.9994986755419255,-9.477295313729362,4.96514699985322
Swarm-c1_1.50-c2_1.00-c3_3.00-alpha_1.00.gif,1.5,1.0,3.0,1.0,1,7.985486314200043,6.67726932178466,1.0970067509672918
Swarm-c1_1.50-c2_1.00-c3_3.00-alpha_1.50.gif,1.5,1.0,3.0,1.5,6,12.96693982528688,-4.952216168322848,-6.768214767392894
Swarm-c1_1.50-c2_1.00-c3_3.00-alpha_2.00.gif,1.5,1.0,3.0,2.0,6,6.42400592401006,-5.111782297732535,1.777041525659455
Swarm-c1_1.50-c2_1.00-c3_3.00-alpha_2.50.gif,1.5,1.0,3.0,2.5,2,4.25886109897698,-8.655820076549189,2.279987409647176
Swarm-c1_1.50-c2_1.00-c3_3.00-alpha_3.00.gif,1.5,1.0,3.0,3.0,2,4.919868405714391,-8.321407887653779,4.896523265077846
Swarm-c1_1.50-c2_1.50-c3_1.00-alpha_1.00.gif,1.5,1.5,1.0,1.0,8,-8.955783568502767,4.763255451747137,-3.0537425264391613
Swarm-c1_1.50-c2_1.50-c3_1.00-alpha_1.50.gif,1.5,1.5,1.0,1.5,8,-6.2518572261923655,-0.753708317603504,-9.985031039688675
Swarm-c1_1.50-c2_1.50-c3_1.00-alpha_2.00.gif,1.5,1.5,1.0,2.0,11,-6.025099190146858,4.502314928814695,-2.940554198002307
Swarm-c1_1.50-c2_1.50-c3_1.00-alpha_2.50.gif,1.5,1.5,1.0,2.5,8,-9.57866933830514,-1.46038609242805,-6.729208304968169
Swarm-c1_1.50-c2_1.50-c3_1.00-alpha_3.00.gif,1.5,1.5,1.0,3.0,11,-8.218198501262307,-0.1200322983593182,-4.1897675086993775
Swarm-c1_1.50-c2_1.50-c3_1.50-alpha_1.00.gif,1.5,1.5,1.5,1.0,11,-5.323824729887064,4.793711459139907,-0.4299284634007959
Swarm-c1_1.50-c2_1.50-c3_1.50-alpha_1.50.gif,1.5,1.5,1.5,1.5,9,-5.280362580107607,4.93503149522886,-4.626663149999424
Swarm-c1_1.50-c2_1.50-c3_1.50-alpha_2.00.gif,1.5,1.5,1.5,2.0,11,-7.035816912955846,5.079601404466219,-2.8814603682697704
Swarm-c1_1.50-c2_1.50-c3_1.50-alpha_2.50.gif,1.5,1.5,1.5,2.5,11,-6.637129421808507,2.99359811444927,-2.6504171953135303
Swarm-c1_1.50-c2_1.50-c3_1.50-alpha_3.00.gif,1.5,1.5,1.5,3.0,11,-7.441360954376866,-0.9775931650374885,-0.8187431081731231
Swarm-c1_1.50-c2_1.50-c3_2.00-alpha_1.00.gif,1.5,1.5,2.0,1.0,11,-5.888111248555689,6.889138531344228,-0.22822594803811605
Swarm-c1_1.50-c2_1.50-c3_2.00-alpha_1.50.gif,1.5,1.5,2.0,1.5,11,-5.4914675363179475,2.197762969009891,-5.6553189339334295
Swarm-c1_1.50-c2_1.50-c3_2.00-alpha_2.00.gif,1.5,1.5,2.0,2.0,11,-5.718190205324464,2.976049521561943,-4.923618699691393
Swarm-c1_1.50-c2_1.50-c3_2.00-alpha_2.50.gif,1.5,1.5,2.0,2.5,9,-6.922215286081942,2.3364490480715663,-4.6976403843730665
Swarm-c1_1.50-c2_1.50-c3_2.00-alpha_3.00.gif,1.5,1.5,2.0,3.0,9,-8.605736624566076,-0.17679967489738477,-3.7350490287708884
Swarm-c1_1.50-c2_1.50-c3_2.50-alpha_1.00.gif,1.5,1.5,2.5,1.0,11,-4.765282911866075,5.661223120164691,-1.5913196139099406
Swarm-c1_1.50-c2_1.50-c3_2.50-alpha_1.50.gif,1.5,1.5,2.5,1.5,8,-3.3487748357273572,5.4735145264732115,-4.678960132162079
Swarm-c1_1.50-c2_1.50-c3_2.50-alpha_2.00.gif,1.5,1.5,2.5,2.0,8,-3.8478420902085464,-1.1648835360721528,-6.768975075456518
Swarm-c1_1.50-c2_1.50-c3_2.50-alpha_2.50.gif,1.5,1.5,2.5,2.5,8,-5.28818487123598,7.688073474610566,-3.0267463674314583
Swarm-c1_1.50-c2_1.50-c3_2.50-alpha_3.00.gif,1.5,1.5,2.5,3.0,11,-4.952194806481969,2.9798399148231822,2.577189636533271
Swarm-c1_1.50-c2_1.50-c3_3.00-alpha_1.00.gif,1.5,1.5,3.0,1.0,8,-3.1587124747099753,7.955926474467946,-1.2610753112920952
Swarm-c1_1.50-c2_1.50-c3_3.00-alpha_1.50.gif,1.5,1.5,3.0,1.5,1,-1.0322305787102657,4.039922807009358,-5.747397190777072
Swarm-c1_1.50-c2_1.50-c3_3.00-alpha_2.00.gif,1.5,1.5,3.0,2.0,1,3.7555158044140455,0.9778163353085426,-3.952060053519458
Swarm-c1_1.50-c2_1.50-c3_3.00-alpha_2.50.gif,1.5,1.5,3.0,2.5,11,-3.14321095425108,3.6980191828591793,-0.5475321087680828
Swarm-c1_1.50-c2_1.50-c3_3.00-alpha_3.00.gif,1.5,1.5,3.0,3.0,11,-1.97336546268347,0.7808755913816825,-1.0491430509837043
Swarm-c1_1.50-c2_2.00-c3_1.00-alpha_1.00.gif,1.5,2.0,1.0,1.0,5,-5.072702969793393,16.81816277995623,5.066208229152767
Swarm-c1_1.50-c2_2.00-c3_1.00-alpha_1.50.gif,1.5,2.0,1.0,1.5,5,0.025498374891328897,11.604584811927676,-0.32512646358713393
Swarm-c1_1.50-c2_2.00-c3_1.00-alpha_2.00.gif,1.5,2.0,1.0,2.0,4,14.775858560579506,3.605101990408985,-6.26215370142698
Swarm-c1_1.50-c2_2.00-c3_1.00-alpha_2.50.gif,1.5,2.0,1.0,2.5,6,8.881075706266683,-4.456631337163224,-4.697811143202911
Swarm-c1_1.50-c2_2.00-c3_1.00-alpha_3.00.gif,1.5,2.0,1.0,3.0,6,6.104511191180128,-6.359442645163976,-3.7218054810516765
Swarm-c1_1.50-c2_2.00-c3_1.50-alpha_1.00.gif,1.5,2.0,1.5,1.0,5,-3.9416962608565385,15.972812144767905,4.3617475777993775
Swarm-c1_1.50-c2_2.00-c3_1.50-alpha_1.50.gif,1.5,2.0,1.5,1.5,1,3.7731118607731977,8.859170431840726,0.19910827104636414
Swarm-c1_1.50-c2_2.00-c3_1.50-alpha_2.00.gif,1.5,2.0,1.5,2.0,6,6.243040565687559,-0.5188611783268015,-6.328895487058588
Swarm-c1_1.50-c2_2.00-c3_1.50-alpha_2.50.gif,1.5,2.0,1.5,2.5,6,14.773424480340953,-3.0846666503330264,-6.669314157198129
Swarm-c1_1.50-c2_2.00-c3_1.50-alpha_3.00.gif,1.5,2.0,1.5,3.0,6,8.178623306248298,-6.762117013463606,-3.137632230567371
Swarm-c1_1.50-c2_2.00-c3_2.00-alpha_1.00.gif,1.5,2.0,2.0,1.0,5,5.780184123330912,24.668144870599168,13.732710837394047
Swarm-c1_1.50-c2_2.00-c3_2.00-alpha_1.50.gif,1.5,2.0,2.0,1.5,1,15.994763878001104,9.648481825922154,-5.162754392838986
Swarm-c1_1.50-c2_2.00-c3_2.00-alpha_2.00.gif,1.5,2.0,2.0,2.0,4,18.44313336820204,2.2736244816578024,-3.2241355685837023
Swarm-c1_1.50-c2_2.00-c3_2.00-alpha_2.50.gif,1.5,2.0,2.0,2.5,7,20.129053591799885,-5.2421174023663175,-5.289813665778053
Swarm-c1_1.50-c2_2.00-c3_2.00-alpha_3.00.gif,1.5,2.0,2.0,3.0,6,12.093701627227789,-5.926639686084752,-1.3377700455086392
Swarm-c1_1.50-c2_2.00-c3_2.50-alpha_1.00.gif,1.5,2.0,2.5,1.0,5,-2.8317452561425633,14.158845664389393,1.683322238892377
Swarm-c1_1.50-c2_2.00-c3_2.50-alpha_1.50.gif,1.5,2.0,2.5,1.5,4,21.09697829952316,11.718772737961006,-8.54865638864504
Swarm-c1_1.50-c2_2.00-c3_2.50-alpha_2.00.gif,1.5,2.0,2.5,2.0,4,26.227119854968567,8.581990104494325,-8.522614081668912
Swarm-c1_1.50-c2_2.00-c3_2.50-alpha_2.50.gif,1.5,2.0,2.5,2.5,6,8.817879930390955,-2.315497156380116,-5.51491498702934
Swarm-c1_1.50-c2_2.00-c3_2.50-alpha_3.00.gif,1.5,2.0,2.5,3.0,6,14.182512612454822,-7.581333929757494,-2.63029667491844
Swarm-c1_1.50-c2_2.00-c3_3.00-alpha_1.00.gif,1.5,2.0,3.0,1.0,5,-3.297390370999048,20.32009265300214,5.6864638560289
Swarm-c1_1.50-c2_2.00-c3_3.00-alpha_1.50.gif,1.5,2.0,3.0,1.5,1,-0.08045359625877915,8.2724978910776,-3.730160679992771
Swarm-c1_1.50-c2_2.00-c3_3.00-alpha_2.00.gif,1.5,2.0,3.0,2.0,4,24.919818632317863,4.347922152463458,-5.552805693709633
Swarm-c1_1.50-c2_2.00-c3_3.00-alpha_2.50.gif,1.5,2.0,3.0,2.5,6,14.279656931044974,-2.9553473219563773,-3.936276647240482
Swarm-c1_1.50-c2_2.00-c3_3.00-alpha_3.00.gif,1.5,2.0,3.0,3.0,6,10.163999305999667,-6.301210889411253,-2.335070161507251
Swarm-c1_1.50-c2_2.50-c3_1.00-alpha_1.00.gif,1.5,2.5,1.0,1.0,5,-3.106027945555987,13.705424362786989,5.901078313487219
Swarm-c1_1.50-c2_2.50-c3_1.00-alpha_1.50.gif,1.5,2.5,1.0,1.5,5,-3.9967007290319523,10.942126142502723,-0.5596804053155859
Swarm-c1_1.50-c2_2.50-c3_1.00-alpha_2.00.gif,1.5,2.5,1.0,2.0,5,-2.746542388430984,9.665674751907659,-1.34156149473259
Swarm-c1_1.50-c2_2.50-c3_1.00-alpha_2.50.gif,1.5,2.5,1.0,2.5,1,1.5254388687577891,2.9974427866695423,-5.135648916228215
Swarm-c1_1.50-c2_2.50-c3_1.00-alpha_3.00.gif,1.5,2.5,1.0,3.0,6,4.845202851923993,-1.99087089337431,-3.0079506519271977
Swarm-c1_1.50-c2_2.50-c3_1.50-alpha_1.00.gif,1.5,2.5,1.5,1.0,5,-0.78682109067051,14.719866927187358,6.669788296539854
Swarm-c1_1.50-c2_2.50-c3_1.50-alpha_1.50.gif,1.5,2.5,1.5,1.5,1,10.302476258008976,9.815366535396445,1.5036135931307715
Swarm-c1_1.50-c2_2.50-c3_1.50-alpha_2.00.gif,1.5,2.5,1.5,2.0,1,8.598403584213168,7.883159995166578,-3.955126991023142
Swarm-c1_1.50-c2_2.50-c3_1.50-alpha_2.50.gif,1.5,2.5,1.5,2.5,6,13.006423155023853,2.098514510119634,-7.316854163127036
Swarm-c1_1.50-c2_2.50-c3_1.50-alpha_3.00.gif,1.5,2.5,1.5,3.0,4,14.939059469461366,0.05317991996757986,-6.5008719581488466
Swarm-c1_1.50-c2_2.50-c3_2.00-alpha_1.00.gif,1.5,2.5,2.0,1.0,5,-0.3556274474923339,12.650651782878194,4.0020764223185346
Swarm-c1_1.50-c2_2.50-c3_2.00-alpha_1.50.gif,1.5,2.5,2.0,1.5,1,9.822248054607467,7.553505051503291,2.3334480751259616
Swarm-c1_1.50-c2_2.50-c3_2.00-alpha_2.00.gif,1.5,2.5,2.0,2.0,4,19.08606145107553,5.66847632156235,-0.6848415232578111
Swarm-c1_1.50-c2_2.50-c3_2.00-alpha_2.50.gif,1.5,2.5,2.0,2.5,4,17.826717300558123,7.006759504819476,-7.731621733542016
Swarm-c1_1.50-c2_2.50-c3_2.00-alpha_3.00.gif,1.5,2.5,2.0,3.0,7,16.54212820988643,-2.399726038564891,-4.650691630725669
Swarm-c1_1.50-c2_2.50-c3_2.50-alpha_1.00.gif,1.5,2.5,2.5,1.0,5,0.2976263910080236,12.270752268363193,7.7911845251996
Swarm-c1_1.50-c2_2.50-c3_2.50-alpha_1.50.gif,1.5,2.5,2.5,1.5,5,2.176984957093008,16.004701040321066,3.098922858398059
Swarm-c1_1.50-c2_2.50-c3_2.50-alpha_2.00.gif,1.5,2.5,2.5,2.0,4,18.34400154775574,7.666376542012526,-1.7347001895156955
Swarm-c1_1.50-c2_2.50-c3_2.50-alpha_2.50.gif,1.5,2.5,2.5,2.5,7,26.71356691467541,-1.8856449501771528,-0.3767307994581733
Swarm-c1_1.50-c2_2.50-c3_2.50-alpha_3.00.gif,1.5,2.5,2.5,3.0,6,7.967529343517364,-3.273341658158701,-6.2982355522192925
Swarm-c1_1.50-c2_2.50-c3_3.00-alpha_1.00.gif,1.5,2.5,3.0,1.0,5,7.410403602163939,29.823168016007504,18.33480822750796
Swarm-c1_1.50-c2_2.50-c3_3.00-alpha_1.50.gif,1.5,2.5,3.0,1.5,1,8.308645625439464,11.27925959528718,2.0491802520936315
Swarm-c1_1.50-c2_2.50-c3_3.00-alpha_2.00.gif,1.5,2.5,3.0,2.0,4,32.49294316377678,6.0063443743732465,-7.903437294347809
Swarm-c1_1.50-c2_2.50-c3_3.00-alpha_2.50.gif,1.5,2.5,3.0,2.5,7,21.76944947559313,1.5449561402004124,1.5405029320203452
Swarm-c1_1.50-c2_2.50-c3_3.00-alpha_3.00.gif,1.5,2.5,3.0,3.0,7,20.7769917300997,-3.4221636572113976,0.09054314218753319
Swarm-c1_1.50-c2_3.00-c3_1.00-alpha_1.00.gif,1.5,3.0,1.0,1.0,0,-9.382005340240873,0.11344766194357803,-2.098360299409433
Swarm-c1_1.50-c2_3.00-c3_1.00-alpha_1.50.gif,1.5,3.0,1.0,1.5,0,-9.41985767680997,-0.25226210304287344,-1.904366656303465
Swarm-c1_1.50-c2_3.00-c3_1.00-alpha_2.00.gif,1.5,3.0,1.0,2.0,0,-9.930003456457632,-1.7691709359913215,-3.68866636984322
Swarm-c1_1.50-c2_3.00-c3_1.00-alpha_2.50.gif,1.5,3.0,1.0,2.5,0,-10.186137943871827,-0.7321138077750099,-2.9093703371342974
Swarm-c1_1.50-c2_3.00-c3_1.00-alpha_3.00.gif,1.5,3.0,1.0,3.0,0,-9.49469551980308,-0.630112735140222,-3.2006560138828353
Swarm-c1_1.50-c2_3.00-c3_1.50-alpha_1.00.gif,1.5,3.0,1.5,1.0,0,-8.35803333663605,-0.830660284942486,-1.0351869624044001
Swarm-c1_1.50-c2_3.00-c3_1.50-alpha_1.50.gif,1.5,3.0,1.5,1.5,0,-9.010743791393999,-1.8970745311518518,-1.2631919830658103
Swarm-c1_1.50-c2_3.00-c3_1.50-alpha_2.00.gif,1.5,3.0,1.5,2.0,0,-9.268731410727675,-0.7874512500093859,-3.249257095508415
Swarm-c1_1.50-c2_3.00-c3_1.50-alpha_2.50.gif,1.5,3.0,1.5,2.5,0,-9.022625433909123,-2.1434972465776636,-2.2426006578169995
Swarm-c1_1.50-c2_3.00-c3_1.50-alpha_3.00.gif,1.5,3.0,1.5,3.0,0,-7.989341800865994,0.012966040274747554,-1.5608563542105394
Swarm-c1_1.50-c2_3.00-c3_2.00-alpha_1.00.gif,1.5,3.0,2.0,1.0,0,-4.36790946066905,1.1370901863015546,1.9940880897291966
Swarm-c1_1.50-c2_3.00-c3_2.00-alpha_1.50.gif,1.5,3.0,2.0,1.5,0,-8.225592849023306,0.5906790084382427,-1.5221619072496444
Swarm-c1_1.50-c2_3.00-c3_2.00-alpha_2.00.gif,1.5,3.0,2.0,2.0,0,-8.259061320618379,-0.17480136926489667,-1.4798061947203816
Swarm-c1_1.50-c2_3.00-c3_2.00-alpha_2.50.gif,1.5,3.0,2.0,2.5,0,-8.169945185349402,0.014852342951852697,-1.8858376521888929
Swarm-c1_1.50-c2_3.00-c3_2.00-alpha_3.00.gif,1.5,3.0,2.0,3.0,0,-8.025556143408284,0.42942487493873094,-1.581114194329356
Swarm-c1_1.50-c2_3.00-c3_2.50-alpha_1.00.gif,1.5,3.0,2.5,1.0,0,-6.8271416325716565,0.9422365352946768,0.4472764649026275
Swarm-c1_1.50-c2_3.00-c3_2.50-alpha_1.50.gif,1.5,3.0,2.5,1.5,0,-5.639297569057018,0.4430010638679578,-0.08870761123621401
Swarm-c1_1.50-c2_3.00-c3_2.50-alpha_2.00.gif,1.5,3.0,2.5,2.0,0,-8.352238899196449,-1.4501352298540864,-2.604210099276736
Swarm-c1_1.50-c2_3.00-c3_2.50-alpha_2.50.gif,1.5,3.0,2.5,2.5,0,-6.2884489235753485,-0.10517584985161164,-1.2165723406570448
Swarm-c1_1.50-c2_3.00-c3_2.50-alpha_3.00.gif,1.5,3.0,2.5,3.0,0,-9.179961008998754,-1.9916446027216144,-3.2688500558949074
Swarm-c1_1.50-c2_3.00-c3_3.00-alpha_1.00.gif,1.5,3.0,3.0,1.0,0,-6.4237199148098165,1.694104444003754,0.10347572809978946
Swarm-c1_1.50-c2_3.00-c3_3.00-alpha_1.50.gif,1.5,3.0,3.0,1.5,0,-6.977011585332792,-1.6368862630788648,-1.1559269424619347
Swarm-c1_1.50-c2_3.00-c3_3.00-alpha_2.00.gif,1.5,3.0,3.0,2.0,0,-6.090946117281537,0.9336889693408639,-0.35525477493751817
Swarm-c1_1.50-c2_3.00-c3_3.00-alpha_2.50.gif,1.5,3.0,3.0,2.5,0,-7.8979977468060465,-1.7302522745913322,-1.8912321333911166
Swarm-c1_1.50-c2_3.00-c3_3.00-alpha_3.00.gif,1.5,3.0,3.0,3.0,0,-6.38895708944672,-0.6947358501180392,-0.8951698160581433
Swarm-c1_2.00-c2_1.00-c3_1.00-alpha_1.00.gif,2.0,1.0,1.0,1.0,5,-5.021617296904098,14.009719043117787,1.8197726625205748
Swarm-c1_2.00-c2_1.00-c3_1.00-alpha_1.50.gif,2.0,1.0,1.0,1.5,9,-6.7367481674813385,0.5403891616706764,-3.888436196995703
Swarm-c1_2.00-c2_1.00-c3_1.00-alpha_2.00.gif,2.0,1.0,1.0,2.0,10,-4.492181049386267,-4.8836153528032495,-2.9500311719358643
Swarm-c1_2.00-c2_1.00-c3_1.00-alpha_2.50.gif,2.0,1.0,1.0,2.5,10,-3.4454310621971262,-4.191360531778539,-0.00915565755049577
Swarm-c1_2.00-c2_1.00-c3_1.00-alpha_3.00.gif,2.0,1.0,1.0,3.0,10,-3.7737204046528547,-5.673512883564201,-1.3523912111397696
Swarm-c1_2.00-c2_1.00-c3_1.50-alpha_1.00.gif,2.0,1.0,1.5,1.0,5,-6.436857005115709,8.633919523195726,-0.24973953501000914
Swarm-c1_2.00-c2_1.00-c3_1.50-alpha_1.50.gif,2.0,1.0,1.5,1.5,10,-5.709200205449966,-0.5368290070390367,-3.9457463085856945
Swarm-c1_2.00-c2_1.00-c3_1.50-alpha_2.00.gif,2.0,1.0,1.5,2.0,10,1.3445466971118432,-5.188674370548363,-1.7884175028549285
Swarm-c1_2.00-c2_1.00-c3_1.50-alpha_2.50.gif,2.0,1.0,1.5,2.5,10,-1.5837566964677305,-3.942251551557436,0.11402803145470373
Swarm-c1_2.00-c2_1.00-c3_1.50-alpha_3.00.gif,2.0,1.0,1.5,3.0,10,2.207644821998719,-6.859802572168176,2.3434865509406535
Swarm-c1_2.00-c2_1.00-c3_2.00-alpha_1.00.gif,2.0,1.0,2.0,1.0,9,-8.16667592967169,6.323219210741238,-1.6822154783567458
Swarm-c1_2.00-c2_1.00-c3_2.00-alpha_1.50.gif,2.0,1.0,2.0,1.5,10,-1.5730841273452014,-1.5329346431649642,-2.4521611819087914
Swarm-c1_2.00-c2_1.00-c3_2.00-alpha_2.00.gif,2.0,1.0,2.0,2.0,10,2.9881555197408254,-6.242606188299339,-0.4613555728955688
Swarm-c1_2.00-c2_1.00-c3_2.00-alpha_2.50.gif,2.0,1.0,2.0,2.5,10,-0.85099365866384,-7.759127050649859,-0.8765699104853356
Swarm-c1_2.00-c2_1.00-c3_2.00-alpha_3.00.gif,2.0,1.0,2.0,3.0,2,1.877162482923717,-7.997758313639846,3.80943574179233
Swarm-c1_2.00-c2_1.00-c3_2.50-alpha_1.00.gif,2.0,1.0,2.5,1.0,11,-5.095430772111503,10.770862976399266,1.2338127138919204
Swarm-c1_2.00-c2_1.00-c3_2.50-alpha_1.50.gif,2.0,1.0,2.5,1.5,10,-1.1549750709169073,-0.8518549591862011,-3.8277903820787635
Swarm-c1_2.00-c2_1.00-c3_2.50-alpha_2.00.gif,2.0,1.0,2.5,2.0,10,-1.45006549478122,-5.49687637942647,-1.213952602391492
Swarm-c1_2.00-c2_1.00-c3_2.50-alpha_2.50.gif,2.0,1.0,2.5,2.5,10,1.7584744529449077,-8.838686329377222,0.1372944138327061
Swarm-c1_2.00-c2_1.00-c3_2.50-alpha_3.00.gif,2.0,1.0,2.5,3.0,10,-3.3401216304174706,-6.958966058249053,-0.6581972217368638
Swarm-c1_2.00-c2_1.00-c3_3.00-alpha_1.00.gif,2.0,1.0,3.0,1.0,5,-4.516313216763688,10.29350898749669,2.18423056052796
Swarm-c1_2.00-c2_1.00-c3_3.00-alpha_1.50.gif,2.0,1.0,3.0,1.5,10,-0.4082402464294125,-1.3923189854344167,-1.5990774879042622
Swarm-c1_2.00-c2_1.00-c3_3.00-alpha_2.00.gif,2.0,1.0,3.0,2.0,10,1.6859367734425896,-7.489855084095388,-0.1139177479899682
Swarm-c1_2.00-c2_1.00-c3_3.00-alpha_2.50.gif,2.0,1.0,3.0,2.5,10,1.8657340563992415,-6.084797239455863,0.24883155887857542
Swarm-c1_2.00-c2_1.00-c3_3.00-alpha_3.00.gif,2.0,1.0,3.0,3.0,2,4.6427004828421286,-8.320713830736517,4.689496602238632
Swarm-c1_2.00-c2_1.50-c3_1.00-alpha_1.00.gif,2.0,1.5,1.0,1.0,5,-0.6714692103901462,13.241678919317362,9.339561637544382
Swarm-c1_2.00-c2_1.50-c3_1.00-alpha_1.50.gif,2.0,1.5,1.0,1.5,10,-1.7644836392828007,-0.02848766417715084,-2.914760878599566
Swarm-c1_2.00-c2_1.50-c3_1.00-alpha_2.00.gif,2.0,1.5,1.0,2.0,10,2.2286400448264163,-2.6654739052480085,-3.831313783336682
Swarm-c1_2.00-c2_1.50-c3_1.00-alpha_2.50.gif,2.0,1.5,1.0,2.5,10,1.3018137827867071,-2.575467142323641,-4.0252571792394605
Swarm-c1_2.00-c2_1.50-c3_1.00-alpha_3.00.gif,2.0,1.5,1.0,3.0,10,-0.3629593919598789,-6.2405417554095965,-2.7265429818247595
Swarm-c1_2.00-c2_1.50-c3_1.50-alpha_1.00.gif,2.0,1.5,1.5,1.0,5,1.1175876348502476,11.115192273609566,10.174873441834318
Swarm-c1_2.00-c2_1.50-c3_1.50-alpha_1.50.gif,2.0,1.5,1.5,1.5,1,-2.0631854072066935,3.0576442214035886,-2.4738030710992054
Swarm-c1_2.00-c2_1.50-c3_1.50-alpha_2.00.gif,2.0,1.5,1.5,2.0,6,5.5673517034742135,-3.349207794920135,-4.655997834328482
Swarm-c1_2.00-c2_1.50-c3_1.50-alpha_2.50.gif,2.0,1.5,1.5,2.5,10,1.5948447049880545,-4.110556118204407,-3.0429820405940924
Swarm-c1_2.00-c2_1.50-c3_1.50-alpha_3.00.gif,2.0,1.5,1.5,3.0,6,6.001507653826494,-6.636591987363974,-0.7927521074013402
Swarm-c1_2.00-c2_1.50-c3_2.00-alpha_1.00.gif,2.0,1.5,2.0,1.0,5,-3.0130818900199343,13.288606816492566,6.525480682789263
Swarm-c1_2.00-c2_1.50-c3_2.00-alpha_1.50.gif,2.0,1.5,2.0,1.5,1,-1.1694164288107203,0.49346575951409144,-0.8066882540106654
Swarm-c1_2.00-c2_1.50-c3_2.00-alpha_2.00.gif,2.0,1.5,2.0,2.0,6,8.268312533061861,-0.6850963864791967,-2.84140643545219
Swarm-c1_2.00-c2_1.50-c3_2.00-alpha_2.50.gif,2.0,1.5,2.0,2.5,6,5.479352938042795,-6.413672335561004,-3.5042267510341323
Swarm-c1_2.00-c2_1.50-c3_2.00-alpha_3.00.gif,2.0,1.5,2.0,3.0,6,4.511494378504822,-5.895540624500269,0.24392232637013758
Swarm-c1_2.00-c2_1.50-c3_2.50-alpha_1.00.gif,2.0,1.5,2.5,1.0,5,2.821735722017768,16.20927909307351,12.353158958432802
Swarm-c1_2.00-c2_1.50-c3_2.50-alpha_1.50.gif,2.0,1.5,2.5,1.5,10,-3.003204258509688,-1.0348753180668757,-2.2326061268661457
Swarm-c1_2.00-c2_1.50-c3_2.50-alpha_2.00.gif,2.0,1.5,2.5,2.0,6,7.343465337274241,-2.323133172890182,-2.4721983188193324
Swarm-c1_2.00-c2_1.50-c3_2.50-alpha_2.50.gif,2.0,1.5,2.5,2.5,6,11.11066938053758,-6.733837599798034,-1.5029174586757672
Swarm-c1_2.00-c2_1.50-c3_2.50-alpha_3.00.gif,2.0,1.5,2.5,3.0,6,5.818950943571305,-5.028594400713565,-0.021965946818714853
Swarm-c1_2.00-c2_1.50-c3_3.00-alpha_1.00.gif,2.0,1.5,3.0,1.0,5,3.766476255760645,19.249904976507366,14.283276679999881
Swarm-c1_2.00-c2_1.50-c3_3.00-alpha_1.50.gif,2.0,1.5,3.0,1.5,1,2.0106168786064313,2.3015386013826036,-1.0358225156504695
Swarm-c1_2.00-c2_1.50-c3_3.00-alpha_2.00.gif,2.0,1.5,3.0,2.0,6,9.602150367858142,-2.263419334302664,-5.958891746639087
Swarm-c1_2.00-c2_1.50-c3_3.00-alpha_2.50.gif,2.0,1.5,3.0,2.5,6,3.1822166709602895,-5.158397648064865,-4.728586237775999
Swarm-c1_2.00-c2_1.50-c3_3.00-alpha_3.00.gif,2.0,1.5,3.0,3.0,6,4.2356837373284915,-5.514321923172011,-0.19681271827202768
Swarm-c1_2.00-c2_2.00-c3_1.00-alpha_1.00.gif,2.0,2.0,1.0,1.0,9,-7.358783117441669,7.867765766110107,0.1991833090111932
Swarm-c1_2.00-c2_2.00-c3_1.00-alpha_1.50.gif,2.0,2.0,1.0,1.5,9,-8.814048037751107,1.26630754652967,-2.9815006773208865
Swarm-c1_2.00-c2_2.00-c3_1.00-alpha_2.00.gif,2.0,2.0,1.0,2.0,9,-10.76089599409424,2.3238292577726556,-4.025167073948833
Swarm-c1_2.00-c2_2.00-c3_1.00-alpha_2.50.gif,2.0,2.0,1.0,2.5,9,-9.281346541076397,2.1893366977439643,-6.019436478353525
Swarm-c1_2.00-c2_2.00-c3_1.00-alpha_3.00.gif,2.0,2.0,1.0,3.0,11,-6.204760921130476,-1.2470822985559364,-3.926175719774619
Swarm-c1_2.00-c2_2.00-c3_1.50-alpha_1.00.gif,2.0,2.0,1.5,1.0,9,-5.224061118552665,6.373724653402733,2.99699912123677
Swarm-c1_2.00-c2_2.00-c3_1.50-alpha_1.50.gif,2.0,2.0,1.5,1.5,9,-8.969132996373204,5.43856676838425,-2.254880412002589
Swarm-c1_2.00-c2_2.00-c3_1.50-alpha_2.00.gif,2.0,2.0,1.5,2.0,9,-8.454813485521402,0.18311203453414804,-3.5203409516238646
Swarm-c1_2.00-c2_2.00-c3_1.50-alpha_2.50.gif,2.0,2.0,1.5,2.5,11,-4.01560192912777,1.4540513591004105,0.3334474911288698
Swarm-c1_2.00-c2_2.00-c3_1.50-alpha_3.00.gif,2.0,2.0,1.5,3.0,8,-7.1791267626761766,2.915713985205703,-4.9337698052898835
Swarm-c1_2.00-c2_2.00-c3_2.00-alpha_1.00.gif,2.0,2.0,2.0,1.0,9,-8.588205170377877,3.5757830020320007,-1.619727717490433
Swarm-c1_2.00-c2_2.00-c3_2.00-alpha_1.50.gif,2.0,2.0,2.0,1.5,8,-5.154928419802361,4.101918322803397,-2.577912931394703
Swarm-c1_2.00-c2_2.00-c3_2.00-alpha_2.00.gif,2.0,2.0,2.0,2.0,8,-8.281526649097774,2.927726128048208,-8.09474410742853
Swarm-c1_2.00-c2_2.00-c3_2.00-alpha_2.50.gif,2.0,2.0,2.0,2.5,8,-7.391061631481593,-2.3147113587366155,-9.42908815316987
Swarm-c1_2.00-c2_2.00-c3_2.00-alpha_3.00.gif,2.0,2.0,2.0,3.0,8,-6.9341137711073095,3.458061328528346,-4.16471167228691
Swarm-c1_2.00-c2_2.00-c3_2.50-alpha_1.00.gif,2.0,2.0,2.5,1.0,5,-4.441239374908207,9.62968509778242,3.2924646485683047
Swarm-c1_2.00-c2_2.00-c3_2.50-alpha_1.50.gif,2.0,2.0,2.5,1.5,9,-8.827709216273867,2.687457057916974,-5.378401683436787
Swarm-c1_2.00-c2_2.00-c3_2.50-alpha_2.00.gif,2.0,2.0,2.5,2.0,11,-8.298013887426633,3.377771299251691,-0.9338656123625352
Swarm-c1_2.00-c2_2.00-c3_2.50-alpha_2.50.gif,2.0,2.0,2.5,2.5,8,-3.5994551053826473,5.181265788279927,-4.626613592697353
Swarm-c1_2.00-c2_2.00-c3_2.50-alpha_3.00.gif,2.0,2.0,2.5,3.0,9,-5.915161901420322,1.843485542835432,-2.871415397774486
Swarm-c1_2.00-c2_2.00-c3_3.00-alpha_1.00.gif,2.0,2.0,3.0,1.0,5,0.12752041561242605,14.518874655002618,7.903538677480624
Swarm-c1_2.00-c2_2.00-c3_3.00-alpha_1.50.gif,2.0,2.0,3.0,1.5,9,-8.340965195357908,-0.2323767701973571,-3.1153298277705916
Swarm-c1_2.00-c2_2.00-c3_3.00-alpha_2.00.gif,2.0,2.0,3.0,2.0,1,1.8751989304698156,6.0154262115905865,-5.852553891987567
Swarm-c1_2.00-c2_2.00-c3_3.00-alpha_2.50.gif,2.0,2.0,3.0,2.5,1,-0.4507726850615721,0.06504432171626502,-4.000300341371736
Swarm-c1_2.00-c2_2.00-c3_3.00-alpha_3.00.gif,2.0,2.0,3.0,3.0,8,-8.062132179263791,4.933782145649767,-6.907348929049432
Swarm-c1_2.00-c2_2.50-c3_1.00-alpha_1.00.gif,2.0,2.5,1.0,1.0,5,0.1878728213445313,25.63211320825287,10.603682439430887
Swarm-c1_2.00-c2_2.50-c3_1.00-alpha_1.50.gif,2.0,2.5,1.0,1.5,5,-3.2261725268422885,9.666042697417785,4.081404519015661
Swarm-c1_2.00-c2_2.50-c3_1.00-alpha_2.00.gif,2.0,2.5,1.0,2.0,5,-0.4161737632798796,9.828359031099103,0.5056090299025625
Swarm-c1_2.00-c2_2.50-c3_1.00-alpha_2.50.gif,2.0,2.5,1.0,2.5,1,4.0040329034297955,2.1778835784059885,-4.464335232527186
Swarm-c1_2.00-c2_2.50-c3_1.00-alpha_3.00.gif,2.0,2.5,1.0,3.0,6,9.544190940034543,-1.2549019986041703,-4.565821333837731
Swarm-c1_2.00-c2_2.50-c3_1.50-alpha_1.00.gif,2.0,2.5,1.5,1.0,5,-3.352897763899366,16.17697196948384,3.529132751551369
Swarm-c1_2.00-c2_2.50-c3_1.50-alpha_1.50.gif,2.0,2.5,1.5,1.5,11,-5.969655217627717,10.518613066913582,2.450645394616569
Swarm-c1_2.00-c2_2.50-c3_1.50-alpha_2.00.gif,2.0,2.5,1.5,2.0,5,7.779727718351739,13.267791327186202,1.9073817153667518
Swarm-c1_2.00-c2_2.50-c3_1.50-alpha_2.50.gif,2.0,2.5,1.5,2.5,6,18.538067935793382,1.9028987302520477,-7.251510307313973
Swarm-c1_2.00-c2_2.50-c3_1.50-alpha_3.00.gif,2.0,2.5,1.5,3.0,10,2.9676437194538354,-2.233106817240854,-4.601455472363624
Swarm-c1_2.00-c2_2.50-c3_2.00-alpha_1.00.gif,2.0,2.5,2.0,1.0,3,3.8489904294386954,36.90239193495775,16.827425827595743
Swarm-c1_2.00-c2_2.50-c3_2.00-alpha_1.50.gif,2.0,2.5,2.0,1.5,5,2.0341894732447483,14.165656322129674,5.18050794589372
Swarm-c1_2.00-c2_2.50-c3_2.00-alpha_2.00.gif,2.0,2.5,2.0,2.0,4,14.473114147591298,10.451523479565978,-0.8456882014640135
Swarm-c1_2.00-c2_2.50-c3_2.00-alpha_2.50.gif,2.0,2.5,2.0,2.5,1,8.293376190025855,3.227092265976912,-1.0975888029541836
Swarm-c1_2.00-c2_2.50-c3_2.00-alpha_3.00.gif,2.0,2.5,2.0,3.0,10,1.817169113769808,-3.0190832792592137,-2.208910040623355
Swarm-c1_2.00-c2_2.50-c3_2.50-alpha_1.00.gif,2.0,2.5,2.5,1.0,5,-0.03824345096382747,15.4060690333684,10.61430191934253
Swarm-c1_2.00-c2_2.50-c3_2.50-alpha_1.50.gif,2.0,2.5,2.5,1.5,5,-2.6544195671030772,8.939313971361853,1.6920691071554064
Swarm-c1_2.00-c2_2.50-c3_2.50-alpha_2.00.gif,2.0,2.5,2.5,2.0,1,2.1342616788743918,6.996083662999764,-0.27168629068386324
Swarm-c1_2.00-c2_2.50-c3_2.50-alpha_2.50.gif,2.0,2.5,2.5,2.5,1,9.109956084838059,4.86942171686084,-2.6775010820370504
Swarm-c1_2.00-c2_2.50-c3_2.50-alpha_3.00.gif,2.0,2.5,2.5,3.0,6,8.840380045962842,-1.443817324332876,-4.338456650654178
Swarm-c1_2.00-c2_2.50-c3_3.00-alpha_1.00.gif,2.0,2.5,3.0,1.0,5,-1.9127071696970395,17.562580259222027,3.1910850033990554
Swarm-c1_2.00-c2_2.50-c3_3.00-alpha_1.50.gif,2.0,2.5,3.0,1.5,1,-1.246290727600747,10.31360016553608,-1.989889721257672
Swarm-c1_2.00-c2_2.50-c3_3.00-alpha_2.00.gif,2.0,2.5,3.0,2.0,1,9.21436344670588,6.142669086038303,-4.645888425540861
Swarm-c1_2.00-c2_2.50-c3_3.00-alpha_2.50.gif,2.0,2.5,3.0,2.5,6,10.791087999776188,0.24115947545790878,-4.463496445822837
Swarm-c1_2.00-c2_2.50-c3_3.00-alpha_3.00.gif,2.0,2.5,3.0,3.0,6,12.222413641604236,-0.7910130680222691,-4.38743199839392
Swarm-c1_2.00-c2_3.00-c3_1.00-alpha_1.00.gif,2.0,3.0,1.0,1.0,0,-2.8839167730638287,3.7462278241888027,4.377399177456097
Swarm-c1_2.00-c2_3.00-c3_1.00-alpha_1.50.gif,2.0,3.0,1.0,1.5,5,-3.4743887896979695,3.9958462659904277,6.362865798575467
Swarm-c1_2.00-c2_3.00-c3_1.00-alpha_2.00.gif,2.0,3.0,1.0,2.0,0,-5.375510571213763,6.279192139162769,0.9087680918182084
Swarm-c1_2.00-c2_3.00-c3_1.00-alpha_2.50.gif,2.0,3.0,1.0,2.5,9,-3.9521576766609057,4.93669142725972,-1.4686440019351397
Swarm-c1_2.00-c2_3.00-c3_1.00-alpha_3.00.gif,2.0,3.0,1.0,3.0,10,-1.84630482996513,0.18783353329610308,-2.6488621261057625
Swarm-c1_2.00-c2_3.00-c3_1.50-alpha_1.00.gif,2.0,3.0,1.5,1.0,5,1.5997131820420607,9.153797146409126,10.665559369898913
Swarm-c1_2.00-c2_3.00-c3_1.50-alpha_1.50.gif,2.0,3.0,1.5,1.5,9,-2.6487470748450663,4.457781157883155,3.8971963546032247
Swarm-c1_2.00-c2_3.00-c3_1.50-alpha_2.00.gif,2.0,3.0,1.5,2.0,5,-2.642751132744304,7.328832948984808,2.3832248064062065
Swarm-c1_2.00-c2_3.00-c3_1.50-alpha_2.50.gif,2.0,3.0,1.5,2.5,1,-0.08550604397281858,4.9397847733573865,-2.126759002736552
Swarm-c1_2.00-c2_3.00-c3_1.50-alpha_3.00.gif,2.0,3.0,1.5,3.0,1,3.922255642293355,1.3584351696542343,-1.29985371195119
Swarm-c1_2.00-c2_3.00-c3_2.00-alpha_1.00.gif,2.0,3.0,2.0,1.0,5,2.295324115327941,12.301678308456214,12.153333120115759
Swarm-c1_2.00-c2_3.00-c3_2.00-alpha_1.50.gif,2.0,3.0,2.0,1.5,5,-1.3938564936084445,9.635855921457921,3.716004936198147
Swarm-c1_2.00-c2_3.00-c3_2.00-alpha_2.00.gif,2.0,3.0,2.0,2.0,1,-1.9605435928627142,4.814784871951828,1.5273809049740208
Swarm-c1_2.00-c2_3.00-c3_2.00-alpha_2.50.gif,2.0,3.0,2.0,2.5,1,2.577310271603098,4.061172432329116,-1.472157617753155
Swarm-c1_2.00-c2_3.00-c3_2.00-alpha_3.00.gif,2.0,3.0,2.0,3.0,1,3.9154954995870237,-0.1412612199843733,-1.9899975869901427
Swarm-c1_2.00-c2_3.00-c3_2.50-alpha_1.00.gif,2.0,3.0,2.5,1.0,1,-0.012388981621794873,2.011680816005052,5.395267821484571
Swarm-c1_2.00-c2_3.00-c3_2.50-alpha_1.50.gif,2.0,3.0,2.5,1.5,5,0.48560218074393596,9.185340063308852,6.10298931310439
Swarm-c1_2.00-c2_3.00-c3_2.50-alpha_2.00.gif,2.0,3.0,2.5,2.0,1,-0.7381391207272665,6.4015150223691775,-0.4243993579253992
Swarm-c1_2.00-c2_3.00-c3_2.50-alpha_2.50.gif,2.0,3.0,2.5,2.5,1,2.223045329444525,2.7533085936138493,-0.6978702873189349
Swarm-c1_2.00-c2_3.00-c3_2.50-alpha_3.00.gif,2.0,3.0,2.5,3.0,1,3.6328644445622547,2.071584983405724,-2.3230597934584853
Swarm-c1_2.00-c2_3.00-c3_3.00-alpha_1.00.gif,2.0,3.0,3.0,1.0,1,2.6466632869526543,4.281570714839358,7.298115320686965
Swarm-c1_2.00-c2_3.00-c3_3.00-alpha_1.50.gif,2.0,3.0,3.0,1.5,1,-0.15138221630550658,8.525094435274271,5.266161878599299
Swarm-c1_2.00-c2_3.00-c3_3.00-alpha_2.00.gif,2.0,3.0,3.0,2.0,1,-0.2603572710632913,6.182892003466565,2.8196069795473244
Swarm-c1_2.00-c2_3.00-c3_3.00-alpha_2.50.gif,2.0,3.0,3.0,2.5,1,2.052308493700543,2.2356320467146027,-4.022393111320716
Swarm-c1_2.00-c2_3.00-c3_3.00-alpha_3.00.gif,2.0,3.0,3.0,3.0,1,3.2215601862689214,0.5281134983364124,-3.583625761116932
Swarm-c1_2.50-c2_1.00-c3_1.00-alpha_1.00.gif,2.5,1.0,1.0,1.0,0,-6.907093309323566,-0.931326865471201,1.2855690099711956
Swarm-c1_2.50-c2_1.00-c3_1.00-alpha_1.50.gif,2.5,1.0,1.0,1.5,0,-7.352324989045514,0.01424302591671795,-2.3868774746656847
Swarm-c1_2.50-c2_1.00-c3_1.00-alpha_2.00.gif,2.5,1.0,1.0,2.0,10,-3.0977053333444338,-4.651200114480686,-0.5348274724556857
Swarm-c1_2.50-c2_1.00-c3_1.00-alpha_2.50.gif,2.5,1.0,1.0,2.5,10,-3.2580733433641043,-6.596460164185366,0.08805380034890452
Swarm-c1_2.50-c2_1.00-c3_1.00-alpha_3.00.gif,2.5,1.0,1.0,3.0,10,-2.556129335635586,-4.8770538130963335,1.5571088221017648
Swarm-c1_2.50-c2_1.00-c3_1.50-alpha_1.00.gif,2.5,1.0,1.5,1.0,0,-4.913737625322163,-0.8914064474745852,2.202312541361212
Swarm-c1_2.50-c2_1.00-c3_1.50-alpha_1.50.gif,2.5,1.0,1.5,1.5,10,-5.007145858914743,-1.9893261964744329,-1.8176108404827331
Swarm-c1_2.50-c2_1.00-c3_1.50-alpha_2.00.gif,2.5,1.0,1.5,2.0,10,-2.942467194834066,-6.021584278055283,-1.3257328258024654
Swarm-c1_2.50-c2_1.00-c3_1.50-alpha_2.50.gif,2.5,1.0,1.5,2.5,10,-1.8485893671236602,-7.752673692487781,0.261043066379747
Swarm-c1_2.50-c2_1.00-c3_1.50-alpha_3.00.gif,2.5,1.0,1.5,3.0,10,-3.3944011482597496,-6.197273971173814,-0.4304543455769802
Swarm-c1_2.50-c2_1.00-c3_2.00-alpha_1.00.gif,2.5,1.0,2.0,1.0,10,-3.5417848494378696,-4.656037057072806,2.690499279204144
Swarm-c1_2.50-c2_1.00-c3_2.00-alpha_1.50.gif,2.5,1.0,2.0,1.5,10,-2.7656009681682128,-3.5347947070692043,-1.2794011367811597
Swarm-c1_2.50-c2_1.00-c3_2.00-alpha_2.00.gif,2.5,1.0,2.0,2.0,10,-1.5892856467737504,-3.943934608057883,-1.0349349545268882
Swarm-c1_2.50-c2_1.00-c3_2.00-alpha_2.50.gif,2.5,1.0,2.0,2.5,10,-2.0314692843878173,-6.519541945785677,-0.1969064395177849
Swarm-c1_2.50-c2_1.00-c3_2.00-alpha_3.00.gif,2.5,1.0,2.0,3.0,10,-1.194288432578584,-5.72340289955039,2.02952231033692
Swarm-c1_2.50-c2_1.00-c3_2.50-alpha_1.00.gif,2.5,1.0,2.5,1.0,10,-4.641801787847996,-4.92413936889813,1.0939290635964178
Swarm-c1_2.50-c2_1.00-c3_2.50-alpha_1.50.gif,2.5,1.0,2.5,1.5,10,-2.527366402461588,-4.786430242241595,-2.45473095326455
Swarm-c1_2.50-c2_1.00-c3_2.50-alpha_2.00.gif,2.5,1.0,2.5,2.0,10,-1.1857667003766252,-4.427208693233876,-0.6855281698593079
Swarm-c1_2.50-c2_1.00-c3_2.50-alpha_2.50.gif,2.5,1.0,2.5,2.5,10,-1.3187902440683366,-8.12647822734744,-0.6419628960433355
Swarm-c1_2.50-c2_1.00-c3_2.50-alpha_3.00.gif,2.5,1.0,2.5,3.0,10,-0.8908717893519189,-7.045433030688386,1.2121586142275937
Swarm-c1_2.50-c2_1.00-c3_3.00-alpha_1.00.gif,2.5,1.0,3.0,1.0,10,-4.505858253942225,-4.440310385402442,0.5546230035587644
Swarm-c1_2.50-c2_1.00-c3_3.00-alpha_1.50.gif,2.5,1.0,3.0,1.5,10,-2.3144816025371875,-2.1022293317376746,-0.36373326751375223
Swarm-c1_2.50-c2_1.00-c3_3.00-alpha_2.00.gif,2.5,1.0,3.0,2.0,10,-2.1514480389195465,-4.511618057983241,-0.7834033509971141
Swarm-c1_2.50-c2_1.00-c3_3.00-alpha_2.50.gif,2.5,1.0,3.0,2.5,10,-0.44255453239904613,-5.423509754892593,-0.0478384521426413
Swarm-c1_2.50-c2_1.00-c3_3.00-alpha_3.00.gif,2.5,1.0,3.0,3.0,10,-2.3103530269518044,-7.433977429657832,0.15718197381621435
Swarm-c1_2.50-c2_1.50-c3_1.00-alpha_1.00.gif,2.5,1.5,1.0,1.0,10,-6.405854603268625,-3.48450581850706,3.2755047218770303
Swarm-c1_2.50-c2_1.50-c3_1.00-alpha_1.50.gif,2.5,1.5,1.0,1.5,0,-7.38316618636186,0.9435210746470543,-1.4434635888573553
Swarm-c1_2.50-c2_1.50-c3_1.00-alpha_2.00.gif,2.5,1.5,1.0,2.0,10,-5.3617761290285015,0.6048722829741446,-3.510173752324271
Swarm-c1_2.50-c2_1.50-c3_1.00-alpha_2.50.gif,2.5,1.5,1.0,2.5,10,-5.679273360009284,-1.703291644776753,-3.301373005173542
Swarm-c1_2.50-c2_1.50-c3_1.00-alpha_3.00.gif,2.5,1.5,1.0,3.0,10,-2.653880135750718,-1.927098317758858,-1.0451612925085814
Swarm-c1_2.50-c2_1.50-c3_1.50-alpha_1.00.gif,2.5,1.5,1.5,1.0,0,-7.1694811323635586,0.8001979638397846,2.183106705843727
Swarm-c1_2.50-c2_1.50-c3_1.50-alpha_1.50.gif,2.5,1.5,1.5,1.5,0,-7.168875284567892,1.0842149801350152,-1.9831251802208556
Swarm-c1_2.50-c2_1.50-c3_1.50-alpha_2.00.gif,2.5,1.5,1.5,2.0,10,-4.81936509784673,-1.1586268212019222,-3.1816855187140725
Swarm-c1_2.50-c2_1.50-c3_1.50-alpha_2.50.gif,2.5,1.5,1.5,2.5,10,-4.63820603694573,-2.3639834026342146,-3.491264257555771
Swarm-c1_2.50-c2_1.50-c3_1.50-alpha_3.00.gif,2.5,1.5,1.5,3.0,10,-3.3317327097217966,-5.006753335767463,-2.969630975214979
Swarm-c1_2.50-c2_1.50-c3_2.00-alpha_1.00.gif,2.5,1.5,2.0,1.0,10,-5.20870016526864,-0.13622370343784707,2.505843997815268
Swarm-c1_2.50-c2_1.50-c3_2.00-alpha_1.50.gif,2.5,1.5,2.0,1.5,0,-6.822417017982932,-0.2143094994091568,-2.510986755028606
Swarm-c1_2.50-c2_1.50-c3_2.00-alpha_2.00.gif,2.5,1.5,2.0,2.0,9,-4.158842192965772,0.08816123449702767,-2.256100768497394
Swarm-c1_2.50-c2_1.50-c3_2.00-alpha_2.50.gif,2.5,1.5,2.0,2.5,10,-1.7611935773199137,-3.2947356276689206,-1.2655814362371263
Swarm-c1_2.50-c2_1.50-c3_2.00-alpha_3.00.gif,2.5,1.5,2.0,3.0,10,-2.3825322963797686,-5.787927437156183,-1.9552219027571731
Swarm-c1_2.50-c2_1.50-c3_2.50-alpha_1.00.gif,2.5,1.5,2.5,1.0,5,0.6537971085384757,5.661528287636183,8.805187487170341
Swarm-c1_2.50-c2_1.50-c3_2.50-alpha_1.50.gif,2.5,1.5,2.5,1.5,9,-4.078142789013642,2.88060972796215,1.7533641680744079
Swarm-c1_2.50-c2_1.50-c3_2.50-alpha_2.00.gif,2.5,1.5,2.5,2.0,10,-3.4768654737931444,0.39824768940304794,-2.1445545134624706
Swarm-c1_2.50-c2_1.50-c3_2.50-alpha_2.50.gif,2.5,1.5,2.5,2.5,10,-0.0023199462407579798,-3.34799262497934,-0.2000520007729421
Swarm-c1_2.50-c2_1.50-c3_2.50-alpha_3.00.gif,2.5,1.5,2.5,3.0,10,-1.5094769915772221,-6.350512740493198,-1.4668419604410823
Swarm-c1_2.50-c2_1.50-c3_3.00-alpha_1.00.gif,2.5,1.5,3.0,1.0,10,-3.780853830952848,-0.3534818527011674,3.6654701281191038
Swarm-c1_2.50-c2_1.50-c3_3.00-alpha_1.50.gif,2.5,1.5,3.0,1.5,1,-1.8749917549967834,4.152591264299807,3.931856499705093
Swarm-c1_2.50-c2_1.50-c3_3.00-alpha_2.00.gif,2.5,1.5,3.0,2.0,10,-4.115432460675445,-0.2893385904342911,-2.4268251351126815
Swarm-c1_2.50-c2_1.50-c3_3.00-alpha_2.50.gif,2.5,1.5,3.0,2.5,10,-1.3637584105949314,-3.596055705680935,-1.2468439442877728
Swarm-c1_2.50-c2_1.50-c3_3.00-alpha_3.00.gif,2.5,1.5,3.0,3.0,10,-0.36527425292148885,-5.367329547395578,-1.483254438721959
Swarm-c1_2.50-c2_2.00-c3_1.00-alpha_1.00.gif,2.5,2.0,1.0,1.0,10,-3.4142992602430207,1.4074260877763227,6.344472376193268
Swarm-c1_2.50-c2_2.00-c3_1.00-alpha_1.50.gif,2.5,2.0,1.0,1.5,0,-5.402392243701057,0.011455749565713104,0.9847901564902449
Swarm-c1_2.50-c2_2.00-c3_1.00-alpha_2.00.gif,2.5,2.0,1.0,2.0,1,-3.4060068727736397,3.962181143817375,0.39506726023207916
Swarm-c1_2.50-c2_2.00-c3_1.00-alpha_2.50.gif,2.5,2.0,1.0,2.5,10,-0.34218093633490076,-0.04992778538135854,-4.507400383653615
Swarm-c1_2.50-c2_2.00-c3_1.00-alpha_3.00.gif,2.5,2.0,1.0,3.0,10,-4.971811363657605,-3.4287417936810245,-3.3432228046836423
Swarm-c1_2.50-c2_2.00-c3_1.50-alpha_1.00.gif,2.5,2.0,1.5,1.0,11,-4.175246163599035,3.9626200388827226,6.0493050979373075
Swarm-c1_2.50-c2_2.00-c3_1.50-alpha_1.50.gif,2.5,2.0,1.5,1.5,1,-0.7861356389241592,4.362194132249341,4.4895123185200685
Swarm-c1_2.50-c2_2.00-c3_1.50-alpha_2.00.gif,2.5,2.0,1.5,2.0,0,-4.219746749460757,0.9737791962014292,-4.046954507840251
Swarm-c1_2.50-c2_2.00-c3_1.50-alpha_2.50.gif,2.5,2.0,1.5,2.5,10,0.15871335454189656,-0.28008939995779025,-4.940673070498404
Swarm-c1_2.50-c2_2.00-c3_1.50-alpha_3.00.gif,2.5,2.0,1.5,3.0,10,-1.4995337657775252,-3.6638910879507707,-3.5453392091176896
Swarm-c1_2.50-c2_2.00-c3_2.00-alpha_1.00.gif,2.5,2.0,2.0,1.0,0,-4.925539308328622,2.9694976583319965,4.7833578420487415
Swarm-c1_2.50-c2_2.00-c3_2.00-alpha_1.50.gif,2.5,2.0,2.0,1.5,1,-1.509993197133072,4.989358855629949,2.192871445175657
Swarm-c1_2.50-c2_2.00-c3_2.00-alpha_2.00.gif,2.5,2.0,2.0,2.0,1,-0.608577853194742,0.8306274074807524,0.8017596214060011
Swarm-c1_2.50-c2_2.00-c3_2.00-alpha_2.50.gif,2.5,2.0,2.0,2.5,1,1.8228456645160165,-0.6190485528720442,-0.6352466350731175
Swarm-c1_2.50-c2_2.00-c3_2.00-alpha_3.00.gif,2.5,2.0,2.0,3.0,6,3.5571755013859105,-4.1419710976190105,-1.4116513188477795
Swarm-c1_2.50-c2_2.00-c3_2.50-alpha_1.00.gif,2.5,2.0,2.5,1.0,10,-0.6241039543651303,-0.27577186986272345,7.216157531129662
Swarm-c1_2.50-c2_2.00-c3_2.50-alpha_1.50.gif,2.5,2.0,2.5,1.5,1,-1.4354432506565602,7.894438957502509,3.127952483438001
Swarm-c1_2.50-c2_2.00-c3_2.50-alpha_2.00.gif,2.5,2.0,2.5,2.0,1,0.7181786669020489,-1.863687138038552,0.30825060322930453
Swarm-c1_2.50-c2_2.00-c3_2.50-alpha_2.50.gif,2.5,2.0,2.5,2.5,1,3.3044293562091,1.1301371525194208,1.1689310837586049
Swarm-c1_2.50-c2_2.00-c3_2.50-alpha_3.00.gif,2.5,2.0,2.5,3.0,6,5.828477765227238,-5.302888366056281,-3.5778739431934645
Swarm-c1_2.50-c2_2.00-c3_3.00-alpha_1.00.gif,2.5,2.0,3.0,1.0,5,0.18958363635283337,6.075740100469986,7.555354871296311
Swarm-c1_2.50-c2_2.00-c3_3.00-alpha_1.50.gif,2.5,2.0,3.0,1.5,1,-2.7670262259534626,6.717750944735491,2.0405147035506497
Swarm-c1_2.50-c2_2.00-c3_3.00-alpha_2.00.gif,2.5,2.0,3.0,2.0,1,-0.3579455168694013,0.16933201509605633,0.12752342010655282
Swarm-c1_2.50-c2_2.00-c3_3.00-alpha_2.50.gif,2.5,2.0,3.0,2.5,10,2.6563212666672658,-1.5021876365916855,-4.361282025617265
Swarm-c1_2.50-c2_2.00-c3_3.00-alpha_3.00.gif,2.5,2.0,3.0,3.0,6,4.989895035112788,-3.128232239305875,-2.415328811143594
Swarm-c1_2.50-c2_2.50-c3_1.00-alpha_1.00.gif,2.5,2.5,1.0,1.0,9,-7.533160810777828,3.0231281254680717,1.5061169318635212
Swarm-c1_2.50-c2_2.50-c3_1.00-alpha_1.50.gif,2.5,2.5,1.0,1.5,11,-7.204087417357974,4.78407764869761,-0.961193552020673
Swarm-c1_2.50-c2_2.50-c3_1.00-alpha_2.00.gif,2.5,2.5,1.0,2.0,8,-8.430667011097729,3.2897882897239508,-5.152944367980748
Swarm-c1_2.50-c2_2.50-c3_1.00-alpha_2.50.gif,2.5,2.5,1.0,2.5,8,-12.124339918734467,0.7496364673463756,-7.458966525979784
Swarm-c1_2.50-c2_2.50-c3_1.00-alpha_3.00.gif,2.5,2.5,1.0,3.0,8,-8.442603545250737,1.9507954224841864,-6.547956152541856
Swarm-c1_2.50-c2_2.50-c3_1.50-alpha_1.00.gif,2.5,2.5,1.5,1.0,9,-7.142705679261889,2.783257069245282,2.891012321129071
Swarm-c1_2.50-c2_2.50-c3_1.50-alpha_1.50.gif,2.5,2.5,1.5,1.5,8,-8.519452459886608,-1.496838027111153,-2.538681123005927
Swarm-c1_2.50-c2_2.50-c3_1.50-alpha_2.00.gif,2.5,2.5,1.5,2.0,9,-8.269913202352162,2.031365458615147,-4.554299027007277
Swarm-c1_2.50-c2_2.50-c3_1.50-alpha_2.50.gif,2.5,2.5,1.5,2.5,8,-3.2395431285475818,-0.3841418837688323,-1.3104833720708327
Swarm-c1_2.50-c2_2.50-c3_1.50-alpha_3.00.gif,2.5,2.5,1.5,3.0,8,-7.616990918574325,-1.2259587003208547,-5.843283184849931
Swarm-c1_2.50-c2_2.50-c3_2.00-alpha_1.00.gif,2.5,2.5,2.0,1.0,5,-0.41000470885003976,7.0255523562471724,10.570396709325369
Swarm-c1_2.50-c2_2.50-c3_2.00-alpha_1.50.gif,2.5,2.5,2.0,1.5,9,-4.617053017608826,-1.107617777941097,1.7559010443135512
Swarm-c1_2.50-c2_2.50-c3_2.00-alpha_2.00.gif,2.5,2.5,2.0,2.0,8,-8.896855768806265,1.999934635843294,-7.311388816405676
Swarm-c1_2.50-c2_2.50-c3_2.00-alpha_2.50.gif,2.5,2.5,2.0,2.5,0,-4.341529127528253,0.036075361944640186,-3.2039175099425665
Swarm-c1_2.50-c2_2.50-c3_2.00-alpha_3.00.gif,2.5,2.5,2.0,3.0,8,-8.505031723890124,3.603747317665806,-8.313321241021553
Swarm-c1_2.50-c2_2.50-c3_2.50-alpha_1.00.gif,2.5,2.5,2.5,1.0,2,-1.5971779721092427,-5.21281858544984,5.172524930317514
Swarm-c1_2.50-c2_2.50-c3_2.50-alpha_1.50.gif,2.5,2.5,2.5,1.5,1,-1.777997620454199,6.428348480715902,2.943377218904336
Swarm-c1_2.50-c2_2.50-c3_2.50-alpha_2.00.gif,2.5,2.5,2.5,2.0,9,-4.21934606404579,0.10703562143647842,-1.551911965918733
Swarm-c1_2.50-c2_2.50-c3_2.50-alpha_2.50.gif,2.5,2.5,2.5,2.5,8,-7.891648421582336,0.17723104094131867,-8.481843403131059
Swarm-c1_2.50-c2_2.50-c3_2.50-alpha_3.00.gif,2.5,2.5,2.5,3.0,8,-6.353248009092852,-0.6821654071248766,-7.698458373249077
Swarm-c1_2.50-c2_2.50-c3_3.00-alpha_1.00.gif,2.5,2.5,3.0,1.0,10,-2.9556238995933053,-2.13681737432818,5.888104386784396
Swarm-c1_2.50-c2_2.50-c3_3.00-alpha_1.50.gif,2.5,2.5,3.0,1.5,8,-5.8581539841194985,2.0559162824391897,-3.3856327727555087
Swarm-c1_2.50-c2_2.50-c3_3.00-alpha_2.00.gif,2.5,2.5,3.0,2.0,9,-6.109153809436208,5.5111567003007105,-0.47181052418650216
Swarm-c1_2.50-c2_2.50-c3_3.00-alpha_2.50.gif,2.5,2.5,3.0,2.5,1,-0.012356942844963177,-0.633240939575107,0.7019362590168862
Swarm-c1_2.50-c2_2.50-c3_3.00-alpha_3.00.gif,2.5,2.5,3.0,3.0,9,-9.20902476772611,-0.5045895202908538,0.46794110029437713
Swarm-c1_2.50-c2_3.00-c3_1.00-alpha_1.00.gif,2.5,3.0,1.0,1.0,10,-1.873229505268616,-0.05497489326841588,7.241790697250545
Swarm-c1_2.50-c2_3.00-c3_1.00-alpha_1.50.gif,2.5,3.0,1.0,1.5,8,-4.933233672294866,10.061040017195536,-1.1342223741913195
Swarm-c1_2.50-c2_3.00-c3_1.00-alpha_2.00.gif,2.5,3.0,1.0,2.0,5,-5.430176382306218,8.146137981279042,0.6822334098804114
Swarm-c1_2.50-c2_3.00-c3_1.00-alpha_2.50.gif,2.5,3.0,1.0,2.5,1,3.838373725676634,4.575580363770367,-0.2807846872637282
Swarm-c1_2.50-c2_3.00-c3_1.00-alpha_3.00.gif,2.5,3.0,1.0,3.0,0,-5.95396048905537,-3.4051729329193345,-2.0846706265652903
Swarm-c1_2.50-c2_3.00-c3_1.50-alpha_1.00.gif,2.5,3.0,1.5,1.0,5,1.2757162853155601,3.864897680612338,10.804363727036153
Swarm-c1_2.50-c2_3.00-c3_1.50-alpha_1.50.gif,2.5,3.0,1.5,1.5,5,-2.6978546126377965,5.993147957085606,4.7175144563994085
Swarm-c1_2.50-c2_3.00-c3_1.50-alpha_2.00.gif,2.5,3.0,1.5,2.0,5,-0.8716318438533331,9.746041326813167,1.9824894157357262
Swarm-c1_2.50-c2_3.00-c3_1.50-alpha_2.50.gif,2.5,3.0,1.5,2.5,1,0.44989801355004205,1.633296629520982,0.0979707547697844
Swarm-c1_2.50-c2_3.00-c3_1.50-alpha_3.00.gif,2.5,3.0,1.5,3.0,1,1.6760010471164122,0.5086006369349862,0.7099224718852826
Swarm-c1_2.50-c2_3.00-c3_2.00-alpha_1.00.gif,2.5,3.0,2.0,1.0,2,0.9354897286749907,0.019016502301763903,10.335117002988328
Swarm-c1_2.50-c2_3.00-c3_2.00-alpha_1.50.gif,2.5,3.0,2.0,1.5,5,-2.528221571713091,10.009835557325516,3.944604750279742
Swarm-c1_2.50-c2_3.00-c3_2.00-alpha_2.00.gif,2.5,3.0,2.0,2.0,5,1.0024525140399443,7.763183076449909,6.03877639731061
Swarm-c1_2.50-c2_3.00-c3_2.00-alpha_2.50.gif,2.5,3.0,2.0,2.5,1,1.2956982826694405,2.3150326939053687,-0.8194644116477161
Swarm-c1_2.50-c2_3.00-c3_2.00-alpha_3.00.gif,2.5,3.0,2.0,3.0,1,3.8920005019335924,0.7260147068366212,-3.271707684941814
Swarm-c1_2.50-c2_3.00-c3_2.50-alpha_1.00.gif,2.5,3.0,2.5,1.0,5,3.2104386338583306,7.45139990149033,13.33939005030268
Swarm-c1_2.50-c2_3.00-c3_2.50-alpha_1.50.gif,2.5,3.0,2.5,1.5,5,-2.036383006121506,6.532031533372264,6.054745193703523
Swarm-c1_2.50-c2_3.00-c3_2.50-alpha_2.00.gif,2.5,3.0,2.5,2.0,5,4.2238431190774985,15.344800990786215,6.629343653344242
Swarm-c1_2.50-c2_3.00-c3_2.50-alpha_2.50.gif,2.5,3.0,2.5,2.5,1,3.6163633720618917,5.894962443754448,1.8705339792281546
Swarm-c1_2.50-c2_3.00-c3_2.50-alpha_3.00.gif,2.5,3.0,2.5,3.0,1,5.925428994660355,2.7995492838861287,-2.699312192286842
Swarm-c1_2.50-c2_3.00-c3_3.00-alpha_1.00.gif,2.5,3.0,3.0,1.0,2,4.472794073917053,-11.388221219547388,9.92106089528995
Swarm-c1_2.50-c2_3.00-c3_3.00-alpha_1.50.gif,2.5,3.0,3.0,1.5,1,-1.0119161568615533,10.631218510499046,1.7250710417777082
Swarm-c1_2.50-c2_3.00-c3_3.00-alpha_2.00.gif,2.5,3.0,3.0,2.0,5,3.833034617003684,16.088760688502898,8.514071024797767
Swarm-c1_2.50-c2_3.00-c3_3.00-alpha_2.50.gif,2.5,3.0,3.0,2.5,1,8.212893643075102,9.29347719948792,-1.4615221780756749
Swarm-c1_2.50-c2_3.00-c3_3.00-alpha_3.00.gif,2.5,3.0,3.0,3.0,1,4.531768336159178,0.717685059149166,-2.141237972773032
Swarm-c1_3.00-c2_1.00-c3_1.00-alpha_1.00.gif,3.0,1.0,1.0,1.0,2,2.66731240042996,-13.562661032971702,10.368189943629726
Swarm-c1_3.00-c2_1.00-c3_1.00-alpha_1.50.gif,3.0,1.0,1.0,1.5,2,2.7310195115201075,-12.117164483450763,10.795858895943345
Swarm-c1_3.00-c2_1.00-c3_1.00-alpha_2.00.gif,3.0,1.0,1.0,2.0,2,-0.25010932074917086,-11.569000123178526,7.891283613301348
Swarm-c1_3.00-c2_1.00-c3_1.00-alpha_2.50.gif,3.0,1.0,1.0,2.5,2,1.093976955635082,-13.312402695435745,7.447254608610543
Swarm-c1_3.00-c2_1.00-c3_1.00-alpha_3.00.gif,3.0,1.0,1.0,3.0,2,-0.5405474600628497,-10.956033820545414,6.058120535206739
Swarm-c1_3.00-c2_1.00-c3_1.50-alpha_1.00.gif,3.0,1.0,1.5,1.0,2,1.7662227127583692,-13.943224499485801,7.492085797689809
Swarm-c1_3.00-c2_1.00-c3_1.50-alpha_1.50.gif,3.0,1.0,1.5,1.5,2,1.9132988768614718,-13.85914773050744,9.142856345565795
Swarm-c1_3.00-c2_1.00-c3_1.50-alpha_2.00.gif,3.0,1.0,1.5,2.0,2,2.860296706275658,-12.460873091046249,8.741554736150198
Swarm-c1_3.00-c2_1.00-c3_1.50-alpha_2.50.gif,3.0,1.0,1.5,2.5,2,1.3868779556629482,-10.480155158634874,4.011610842548165
Swarm-c1_3.00-c2_1.00-c3_1.50-alpha_3.00.gif,3.0,1.0,1.5,3.0,2,-2.8419024591659863,-10.69083799119665,4.614423924672773
Swarm-c1_3.00-c2_1.00-c3_2.00-alpha_1.00.gif,3.0,1.0,2.0,1.0,2,3.7720468963554037,-14.009316898320627,11.290539141512978
Swarm-c1_3.00-c2_1.00-c3_2.00-alpha_1.50.gif,3.0,1.0,2.0,1.5,2,-0.3677623713346408,-12.247144484122266,7.228701082558248
Swarm-c1_3.00-c2_1.00-c3_2.00-alpha_2.00.gif,3.0,1.0,2.0,2.0,2,1.8162627227606272,-12.56360860584383,6.957330745088868
Swarm-c1_3.00-c2_1.00-c3_2.00-alpha_2.50.gif,3.0,1.0,2.0,2.5,2,-0.16120191269200385,-11.372626403952868,5.481676271525265
Swarm-c1_3.00-c2_1.00-c3_2.00-alpha_3.00.gif,3.0,1.0,2.0,3.0,2,-2.1579804073956503,-9.564236772840923,3.413072071402706
Swarm-c1_3.00-c2_1.00-c3_2.50-alpha_1.00.gif,3.0,1.0,2.5,1.0,2,4.101260709509926,-15.770398517711207,9.95021477114212
Swarm-c1_3.00-c2_1.00-c3_2.50-alpha_1.50.gif,3.0,1.0,2.5,1.5,2,2.3827493783885694,-12.918978166100949,8.80087140339225
Swarm-c1_3.00-c2_1.00-c3_2.50-alpha_2.00.gif,3.0,1.0,2.5,2.0,2,0.2918201815288126,-10.210625406221208,4.028985299866648
Swarm-c1_3.00-c2_1.00-c3_2.50-alpha_2.50.gif,3.0,1.0,2.5,2.5,2,-0.016788592955163408,-9.520490265683216,3.717304841179854
Swarm-c1_3.00-c2_1.00-c3_2.50-alpha_3.00.gif,3.0,1.0,2.5,3.0,2,-3.1891568528289924,-9.40996271951906,2.1282709006923968
Swarm-c1_3.00-c2_1.00-c3_3.00-alpha_1.00.gif,3.0,1.0,3.0,1.0,2,2.6348948400556162,-13.665019482512516,7.567767168582502
Swarm-c1_3.00-c2_1.00-c3_3.00-alpha_1.50.gif,3.0,1.0,3.0,1.5,2,1.0780264103180257,-9.539077754892752,4.682263751395992
Swarm-c1_3.00-c2_1.00-c3_3.00-alpha_2.00.gif,3.0,1.0,3.0,2.0,2,0.9123311957068957,-8.276877987158345,3.3524988675957412
Swarm-c1_3.00-c2_1.00-c3_3.00-alpha_2.50.gif,3.0,1.0,3.0,2.5,2,-1.81477075819584,-9.888629779595252,2.2138191178958544
Swarm-c1_3.00-c2_1.00-c3_3.00-alpha_3.00.gif,3.0,1.0,3.0,3.0,10,-3.1513236762107653,-8.309300458246918,0.8484412966713698
Swarm-c1_3.00-c2_1.50-c3_1.00-alpha_1.00.gif,3.0,1.5,1.0,1.0,2,-3.1986822693564245,-7.153965264993561,3.842272839634465
Swarm-c1_3.00-c2_1.50-c3_1.00-alpha_1.50.gif,3.0,1.5,1.0,1.5,10,-4.574589127499502,-2.0571191700154206,2.813668081832532
Swarm-c1_3.00-c2_1.50-c3_1.00-alpha_2.00.gif,3.0,1.5,1.0,2.0,10,-3.2848551147576117,-4.253104880980214,1.2476927463889822
Swarm-c1_3.00-c2_1.50-c3_1.00-alpha_2.50.gif,3.0,1.5,1.0,2.5,10,-3.313951943432552,-4.998167815751939,-1.1760224220143947
Swarm-c1_3.00-c2_1.50-c3_1.00-alpha_3.00.gif,3.0,1.5,1.0,3.0,10,-1.635818061751731,-5.76795845196903,1.2076007325600475
Swarm-c1_3.00-c2_1.50-c3_1.50-alpha_1.00.gif,3.0,1.5,1.5,1.0,2,-3.712200733081127,-7.649659183999471,4.189308292462543
Swarm-c1_3.00-c2_1.50-c3_1.50-alpha_1.50.gif,3.0,1.5,1.5,1.5,10,-4.690099798953829,-5.612901362202052,2.0768718170763325
Swarm-c1_3.00-c2_1.50-c3_1.50-alpha_2.00.gif,3.0,1.5,1.5,2.0,10,-2.8672773685434105,-5.547011914224213,2.089328719797422
Swarm-c1_3.00-c2_1.50-c3_1.50-alpha_2.50.gif,3.0,1.5,1.5,2.5,10,-1.8862826026112234,-5.383869475177614,0.5116133142041874
Swarm-c1_3.00-c2_1.50-c3_1.50-alpha_3.00.gif,3.0,1.5,1.5,3.0,10,-1.9362822882141113,-5.293597540546687,0.27674021670638216
Swarm-c1_3.00-c2_1.50-c3_2.00-alpha_1.00.gif,3.0,1.5,2.0,1.0,2,0.9173176122451183,-11.691629795942289,6.222884463533724
Swarm-c1_3.00-c2_1.50-c3_2.00-alpha_1.50.gif,3.0,1.5,2.0,1.5,2,-0.586774385534019,-6.105633531537005,6.372193527530242
Swarm-c1_3.00-c2_1.50-c3_2.00-alpha_2.00.gif,3.0,1.5,2.0,2.0,10,-1.8410012796503274,-5.909278768938825,0.2711811309838795
Swarm-c1_3.00-c2_1.50-c3_2.00-alpha_2.50.gif,3.0,1.5,2.0,2.5,10,-2.604624629835823,-5.372556733905323,-0.8486667724847483
Swarm-c1_3.00-c2_1.50-c3_2.00-alpha_3.00.gif,3.0,1.5,2.0,3.0,10,-3.620700484167836,-4.974693461459661,-0.9469383361703142
Swarm-c1_3.00-c2_1.50-c3_2.50-alpha_1.00.gif,3.0,1.5,2.5,1.0,2,-0.6123206230796461,-9.085261405895931,7.097303791382484
Swarm-c1_3.00-c2_1.50-c3_2.50-alpha_1.50.gif,3.0,1.5,2.5,1.5,2,-1.2990562123688398,-8.098035965423424,3.15299288402052
Swarm-c1_3.00-c2_1.50-c3_2.50-alpha_2.00.gif,3.0,1.5,2.5,2.0,10,-4.34127518297148,-3.023663865257367,0.20147057073366867
Swarm-c1_3.00-c2_1.50-c3_2.50-alpha_2.50.gif,3.0,1.5,2.5,2.5,10,-2.0999697407925826,-4.862416081836684,-1.5278783709998667
Swarm-c1_3.00-c2_1.50-c3_2.50-alpha_3.00.gif,3.0,1.5,2.5,3.0,10,-2.94968263692913,-5.807866457739586,-2.202581316728397
Swarm-c1_3.00-c2_1.50-c3_3.00-alpha_1.00.gif,3.0,1.5,3.0,1.0,2,0.4744064536950678,-10.404879729852697,6.648436900295352
Swarm-c1_3.00-c2_1.50-c3_3.00-alpha_1.50.gif,3.0,1.5,3.0,1.5,10,-1.9420536089825988,-6.180828491997782,2.978402160271094
Swarm-c1_3.00-c2_1.50-c3_3.00-alpha_2.00.gif,3.0,1.5,3.0,2.0,10,-4.0921824539097456,-3.884004255110163,-0.8228165032166501
Swarm-c1_3.00-c2_1.50-c3_3.00-alpha_2.50.gif,3.0,1.5,3.0,2.5,10,-2.464746507897235,-4.830693280764794,-0.6988340113836274
Swarm-c1_3.00-c2_1.50-c3_3.00-alpha_3.00.gif,3.0,1.5,3.0,3.0,10,-5.401657512337118,-5.84488504901245,-2.5068233682035337
Swarm-c1_3.00-c2_2.00-c3_1.00-alpha_1.00.gif,3.0,2.0,1.0,1.0,2,-2.2089273098560507,-6.119927083111043,5.278709073470124
Swarm-c1_3.00-c2_2.00-c3_1.00-alpha_1.50.gif,3.0,2.0,1.0,1.5,10,-3.802119733180373,1.5518687682850227,4.038209721743224
Swarm-c1_3.00-c2_2.00-c3_1.00-alpha_2.00.gif,3.0,2.0,1.0,2.0,2,-3.414797527980651,-5.109537471572654,4.403282515455933
Swarm-c1_3.00-c2_2.00-c3_1.00-alpha_2.50.gif,3.0,2.0,1.0,2.5,10,-3.343311523715934,-3.340271376081021,1.9232236042216182
Swarm-c1_3.00-c2_2.00-c3_1.00-alpha_3.00.gif,3.0,2.0,1.0,3.0,10,-1.7872122992572204,-3.500005066570204,-1.7479910715395448
Swarm-c1_3.00-c2_2.00-c3_1.50-alpha_1.00.gif,3.0,2.0,1.5,1.0,2,-0.23108274552367225,-3.824919655088952,7.464839529491717
Swarm-c1_3.00-c2_2.00-c3_1.50-alpha_1.50.gif,3.0,2.0,1.5,1.5,10,-3.4662453068609107,-2.0022529607261146,5.373277281524423
Swarm-c1_3.00-c2_2.00-c3_1.50-alpha_2.00.gif,3.0,2.0,1.5,2.0,10,-1.6044809257857435,-0.14560717807186987,4.593898098141753
Swarm-c1_3.00-c2_2.00-c3_1.50-alpha_2.50.gif,3.0,2.0,1.5,2.5,10,-4.416515454847689,0.027698877743861563,-2.511194386287258
Swarm-c1_3.00-c2_2.00-c3_1.50-alpha_3.00.gif,3.0,2.0,1.5,3.0,10,-2.787042069102837,-4.106738663258857,-1.212876111840361
Swarm-c1_3.00-c2_2.00-c3_2.00-alpha_1.00.gif,3.0,2.0,2.0,1.0,2,1.2089978991853412,-9.890897591245146,5.9958050523509145
Swarm-c1_3.00-c2_2.00-c3_2.00-alpha_1.50.gif,3.0,2.0,2.0,1.5,2,-0.5335620110277349,-3.8259343310602763,5.4761298784688
Swarm-c1_3.00-c2_2.00-c3_2.00-alpha_2.00.gif,3.0,2.0,2.0,2.0,10,-3.191662623740047,-2.0836978031767104,2.776572419626713
Swarm-c1_3.00-c2_2.00-c3_2.00-alpha_2.50.gif,3.0,2.0,2.0,2.5,10,-3.159225778148139,-0.12172594255722612,-0.28729549465448156
Swarm-c1_3.00-c2_2.00-c3_2.00-alpha_3.00.gif,3.0,2.0,2.0,3.0,10,-2.5218080557201863,-2.9517077834775343,-1.3445584853948496
Swarm-c1_3.00-c2_2.00-c3_2.50-alpha_1.00.gif,3.0,2.0,2.5,1.0,2,0.31252796238606984,-9.371238736938256,7.01674177281757
Swarm-c1_3.00-c2_2.00-c3_2.50-alpha_1.50.gif,3.0,2.0,2.5,1.5,2,0.009737020575182168,-8.69311603883802,5.416121553092
Swarm-c1_3.00-c2_2.00-c3_2.50-alpha_2.00.gif,3.0,2.0,2.5,2.0,10,-2.0513620491918307,-1.598290199747809,3.2936241742700036
Swarm-c1_3.00-c2_2.00-c3_2.50-alpha_2.50.gif,3.0,2.0,2.5,2.5,10,-4.4852677743412475,-3.5035825624742203,-2.162829230588592
Swarm-c1_3.00-c2_2.00-c3_2.50-alpha_3.00.gif,3.0,2.0,2.5,3.0,10,-2.453525822089114,-4.59081596105641,-2.2555425828052895
Swarm-c1_3.00-c2_2.00-c3_3.00-alpha_1.00.gif,3.0,2.0,3.0,1.0,2,-0.1215629577150708,-10.15522449248359,4.942379692452335
Swarm-c1_3.00-c2_2.00-c3_3.00-alpha_1.50.gif,3.0,2.0,3.0,1.5,2,-2.7685857842457975,-6.752516597686513,1.520030098936775
Swarm-c1_3.00-c2_2.00-c3_3.00-alpha_2.00.gif,3.0,2.0,3.0,2.0,10,-3.4987469110742975,-4.096522543151345,0.10058396213849022
Swarm-c1_3.00-c2_2.00-c3_3.00-alpha_2.50.gif,3.0,2.0,3.0,2.5,10,-2.224241437501597,-3.0530547956967595,-0.6218763174519516
Swarm-c1_3.00-c2_2.00-c3_3.00-alpha_3.00.gif,3.0,2.0,3.0,3.0,10,-1.5695366689276162,-4.322057902829196,-1.5289642464576425
Swarm-c1_3.00-c2_2.50-c3_1.00-alpha_1.00.gif,3.0,2.5,1.0,1.0,2,1.0889879078729103,-9.26035129612549,7.813768450960886
Swarm-c1_3.00-c2_2.50-c3_1.00-alpha_1.50.gif,3.0,2.5,1.0,1.5,10,-0.9523522713934027,0.43697909381285227,7.502714645558164
Swarm-c1_3.00-c2_2.50-c3_1.00-alpha_2.00.gif,3.0,2.5,1.0,2.0,10,-4.5404587616747705,0.14916597645093252,2.0792886066450538
Swarm-c1_3.00-c2_2.50-c3_1.00-alpha_2.50.gif,3.0,2.5,1.0,2.5,9,-5.37007826378857,-0.26931367365825426,0.5071892104020944
Swarm-c1_3.00-c2_2.50-c3_1.00-alpha_3.00.gif,3.0,2.5,1.0,3.0,10,0.6045208624117683,-4.272751606244718,1.2735139834795284
Swarm-c1_3.00-c2_2.50-c3_1.50-alpha_1.00.gif,3.0,2.5,1.5,1.0,2,-2.1423255334931963,-8.3054367694593,6.0103537090702055
Swarm-c1_3.00-c2_2.50-c3_1.50-alpha_1.50.gif,3.0,2.5,1.5,1.5,10,-2.6756382545311173,-1.3041311937159386,4.749704699485965
Swarm-c1_3.00-c2_2.50-c3_1.50-alpha_2.00.gif,3.0,2.5,1.5,2.0,10,-3.5690425385233384,-5.986477928605665,2.3837771808326433
Swarm-c1_3.00-c2_2.50-c3_1.50-alpha_2.50.gif,3.0,2.5,1.5,2.5,1,-0.9885151250151349,0.3272054328129482,-0.3142196931492143
Swarm-c1_3.00-c2_2.50-c3_1.50-alpha_3.00.gif,3.0,2.5,1.5,3.0,1,1.5604122778069103,-0.39520572217844624,-2.269902765107812
Swarm-c1_3.00-c2_2.50-c3_2.00-alpha_1.00.gif,3.0,2.5,2.0,1.0,2,-0.9928385470810405,-7.954741209770641,6.51323774644026
Swarm-c1_3.00-c2_2.50-c3_2.00-alpha_1.50.gif,3.0,2.5,2.0,1.5,2,0.7814027648625593,-6.393413421567305,7.1809793205150925
Swarm-c1_3.00-c2_2.50-c3_2.00-alpha_2.00.gif,3.0,2.5,2.0,2.0,2,3.654230622475103,-6.465004945339302,8.6285392438794
Swarm-c1_3.00-c2_2.50-c3_2.00-alpha_2.50.gif,3.0,2.5,2.0,2.5,0,-3.943200708853812,-0.41727520413227004,-2.548374063860707
Swarm-c1_3.00-c2_2.50-c3_2.00-alpha_3.00.gif,3.0,2.5,2.0,3.0,1,4.005076155620836,1.0725624116074512,0.9096768529241277
Swarm-c1_3.00-c2_2.50-c3_2.50-alpha_1.00.gif,3.0,2.5,2.5,1.0,2,1.822282683143112,-10.522842717700664,7.816444952862598
Swarm-c1_3.00-c2_2.50-c3_2.50-alpha_1.50.gif,3.0,2.5,2.5,1.5,2,1.2358269256121566,-6.917448205173984,7.733445570215018
Swarm-c1_3.00-c2_2.50-c3_2.50-alpha_2.00.gif,3.0,2.5,2.5,2.0,2,1.311751020837282,-5.679102140741655,4.257408527702715
Swarm-c1_3.00-c2_2.50-c3_2.50-alpha_2.50.gif,3.0,2.5,2.5,2.5,10,0.48509653669048525,-1.527687020163464,0.28391715583594784
Swarm-c1_3.00-c2_2.50-c3_2.50-alpha_3.00.gif,3.0,2.5,2.5,3.0,1,0.9745536249771999,0.5090331212549744,-0.06536862628530184
Swarm-c1_3.00-c2_2.50-c3_3.00-alpha_1.00.gif,3.0,2.5,3.0,1.0,2,2.8455436266620424,-10.725547198030263,8.047722556143023
Swarm-c1_3.00-c2_2.50-c3_3.00-alpha_1.50.gif,3.0,2.5,3.0,1.5,2,1.2870635332090055,-11.111084141592137,5.893651728860978
Swarm-c1_3.00-c2_2.50-c3_3.00-alpha_2.00.gif,3.0,2.5,3.0,2.0,2,2.3999884500912407,-5.568574439406647,5.879592939635641
Swarm-c1_3.00-c2_2.50-c3_3.00-alpha_2.50.gif,3.0,2.5,3.0,2.5,1,1.0316007193923191,1.6014479627450873,-0.8118420222664748
Swarm-c1_3.00-c2_2.50-c3_3.00-alpha_3.00.gif,3.0,2.5,3.0,3.0,10,0.466626025877514,-1.9270099631887583,-0.7866180671011668
Swarm-c1_3.00-c2_3.00-c3_1.00-alpha_1.00.gif,3.0,3.0,1.0,1.0,2,-3.1176519941070127,-8.651407729202855,3.7657817687689596
Swarm-c1_3.00-c2_3.00-c3_1.00-alpha_1.50.gif,3.0,3.0,1.0,1.5,10,-4.933472913127238,-3.18819927384308,2.827553751647595
Swarm-c1_3.00-c2_3.00-c3_1.00-alpha_2.00.gif,3.0,3.0,1.0,2.0,9,-7.247620337707962,-0.5539255494818066,0.5794946815138807
Swarm-c1_3.00-c2_3.00-c3_1.00-alpha_2.50.gif,3.0,3.0,1.0,2.5,11,-7.390663494832357,2.2908113655466398,-2.0448239197648865
Swarm-c1_3.00-c2_3.00-c3_1.00-alpha_3.00.gif,3.0,3.0,1.0,3.0,9,-9.44170956457856,2.112005620634657,-0.9278098841795559
Swarm-c1_3.00-c2_3.00-c3_1.50-alpha_1.00.gif,3.0,3.0,1.5,1.0,2,-0.4373071767966285,-9.980798914177285,7.126420266204781
Swarm-c1_3.00-c2_3.00-c3_1.50-alpha_1.50.gif,3.0,3.0,1.5,1.5,10,-2.0605989830996565,-2.473378535583395,4.356043666954759
Swarm-c1_3.00-c2_3.00-c3_1.50-alpha_2.00.gif,3.0,3.0,1.5,2.0,10,-5.192666707362129,-6.555854905115127,1.474563569666142
Swarm-c1_3.00-c2_3.00-c3_1.50-alpha_2.50.gif,3.0,3.0,1.5,2.5,8,-10.280647398692391,1.702263132345233,-6.104507836268398
Swarm-c1_3.00-c2_3.00-c3_1.50-alpha_3.00.gif,3.0,3.0,1.5,3.0,9,-12.773660441075837,-1.418528166132619,-3.0460118580944315
Swarm-c1_3.00-c2_3.00-c3_2.00-alpha_1.00.gif,3.0,3.0,2.0,1.0,2,3.237084161095934,-14.374508617745207,7.3063976257559355
Swarm-c1_3.00-c2_3.00-c3_2.00-alpha_1.50.gif,3.0,3.0,2.0,1.5,2,-1.3097879765099225,-5.375473062626331,4.349723406169733
Swarm-c1_3.00-c2_3.00-c3_2.00-alpha_2.00.gif,3.0,3.0,2.0,2.0,8,-7.325577941706993,-2.293767727275279,-5.275676192657289
Swarm-c1_3.00-c2_3.00-c3_2.00-alpha_2.50.gif,3.0,3.0,2.0,2.5,9,-7.143913125702431,2.1754066861577113,-2.3776677292425825
Swarm-c1_3.00-c2_3.00-c3_2.00-alpha_3.00.gif,3.0,3.0,2.0,3.0,11,-10.221373217320664,4.032546681251137,-1.0705442356205457
Swarm-c1_3.00-c2_3.00-c3_2.50-alpha_1.00.gif,3.0,3.0,2.5,1.0,2,-0.05745726536202866,-13.268628271642108,3.7656961590258398
Swarm-c1_3.00-c2_3.00-c3_2.50-alpha_1.50.gif,3.0,3.0,2.5,1.5,2,-1.2848357954375098,-9.645717832357475,4.598435760665073
Swarm-c1_3.00-c2_3.00-c3_2.50-alpha_2.00.gif,3.0,3.0,2.5,2.0,9,-6.781899920319409,-1.050665404215522,0.4816633609948356
Swarm-c1_3.00-c2_3.00-c3_2.50-alpha_2.50.gif,3.0,3.0,2.5,2.5,2,-1.7079668981011302,-7.165457294253311,2.2728102418476124
Swarm-c1_3.00-c2_3.00-c3_2.50-alpha_3.00.gif,3.0,3.0,2.5,3.0,9,-5.3849669458162275,-2.7300955449979645,-1.022097983276927
Swarm-c1_3.00-c2_3.00-c3_3.00-alpha_1.00.gif,3.0,3.0,3.0,1.0,2,-1.62495015531099,-11.368080995716076,1.3986074657050067
Swarm-c1_3.00-c2_3.00-c3_3.00-alpha_1.50.gif,3.0,3.0,3.0,1.5,2,4.0574525292929735,-5.4702210346156,7.149883532258817
Swarm-c1_3.00-c2_3.00-c3_3.00-alpha_2.00.gif,3.0,3.0,3.0,2.0,8,-4.835717249633355,-3.9971447459957785,-1.2232809387358827
Swarm-c1_3.00-c2_3.00-c3_3.00-alpha_2.50.gif,3.0,3.0,3.0,2.5,11,-9.187020864474183,-0.26746451564752466,0.09291070445806927
Swarm-c1_3.00-c2_3.00-c3_3.00-alpha_3.00.gif,3.0,3.0,3.0,3.0,8,-4.332865469105623,-3.1759745244737565,-2.9578164010605743
